alert_date,alert_count,avg_risk_score,high_or_critical_count,flagged_value,rolling_7d_avg_risk,alert_count_change_vs_prev_day,avg_risk_change_vs_prev_day
2024-01-20,10,0.7881,10,74068.48,0.7881,,
2024-01-22,31,0.718,31,397925.37,0.753,21,-0.0701
2024-01-23,5,0.6932,5,44625.93,0.7331,-26,-0.0248
2024-01-26,6,0.6653,6,43452.18,0.7162,1,-0.0279
2024-01-28,9,0.6531,9,78617.81,0.7035,3,-0.0122
2024-01-31,4,0.6629,4,35745.62,0.6968,-5,0.0098
2024-02-04,12,0.7667,12,52099.03,0.7068,8,0.1038
2024-02-05,8,0.6637,8,33001.07,0.689,-4,-0.103
2024-02-06,8,0.6816,8,69088.93,0.6838,0,0.0179
2024-02-09,9,0.7432,9,64184.18,0.6909,1,0.0616
2024-02-10,11,0.7281,11,86045.81,0.6999,2,-0.0151
2024-02-11,19,0.7773,19,163962.45,0.7176,8,0.0492
2024-02-13,9,0.6882,9,68693.97,0.7213,-10,-0.0891
2024-02-14,11,0.7013,11,74521.34,0.7119,2,0.0131
2024-02-15,6,0.7085,6,26045.4,0.7183,-5,0.0072
2024-02-17,4,0.6752,4,34930.62,0.7174,-2,-0.0333
2024-02-18,8,0.7112,8,56431.06,0.7128,4,0.036
2024-02-19,15,0.736,15,97462.23,0.714,7,0.0248
2024-02-20,5,0.6662,5,33709.34,0.6981,-10,-0.0698
2024-02-22,8,0.6989,8,55026.78,0.6996,3,0.0327
2024-02-24,2,0.6265,2,19143.83,0.6889,-6,-0.0724
2024-02-25,3,0.6552,3,26486.57,0.6813,1,0.0287
2024-02-26,27,0.727,27,215956.22,0.6887,24,0.0718
2024-02-27,9,0.7162,9,82176.77,0.6894,-18,-0.0108
2024-03-02,25,0.7319,25,216946.02,0.6888,16,0.0157
2024-03-04,4,0.6374,4,42498.06,0.6847,-21,-0.0945
2024-03-05,13,0.6599,13,102610.17,0.6792,9,0.0225
2024-03-07,4,0.6517,4,37427.73,0.6828,-9,-0.0082
2024-03-08,8,0.7627,8,60002.54,0.6981,4,0.111
2024-03-09,3,0.6329,3,25833.94,0.6847,-5,-0.1298
2024-03-12,1,0.6733,1,8101.92,0.6785,-2,0.0404
2024-03-14,11,0.6918,11,75761.44,0.6728,10,0.0185
2024-03-16,4,0.6921,4,35736.49,0.6806,-7,0.0003
2024-03-17,5,0.6569,5,46857.8,0.6802,1,-0.0352
2024-03-18,2,0.6212,2,18035.08,0.6758,-3,-0.0357
2024-03-19,1,0.6498,1,9582.9,0.6597,-1,0.0286
2024-03-22,1,0.6014,1,10901.08,0.6552,0,-0.0484
2024-03-23,1,0.6508,1,8340.3,0.652,0,0.0494
2024-03-26,4,0.7017,4,36135.84,0.6534,3,0.0509
2024-03-28,3,0.6517,3,12379.01,0.6476,-1,-0.05
2024-03-30,11,0.7341,11,83963.41,0.6587,8,0.0824
2024-03-31,11,0.7382,11,89669.65,0.6754,0,0.0041
2024-04-01,31,0.7145,31,248815.85,0.6846,20,-0.0237
2024-04-03,1,0.6348,1,9364.62,0.6894,-30,-0.0797
2024-04-05,1,0.603,1,8239.73,0.6826,0,-0.0318
2024-04-08,4,0.6285,4,35898.53,0.6721,3,0.0255
2024-04-09,11,0.7114,11,99264.45,0.6806,7,0.0829
2024-04-10,14,0.7947,14,127011.67,0.6893,3,0.0833
2024-04-11,2,0.6365,2,19438.56,0.6748,-12,-0.1582
2024-04-14,2,0.6462,2,16966.32,0.665,0,0.0097
2024-04-15,3,0.6591,3,26127.79,0.6685,1,0.0129
2024-04-17,2,0.663,2,18778.59,0.6771,-1,0.0039
2024-04-18,20,0.7147,20,174255.96,0.6894,18,0.0517
2024-04-21,12,0.6989,12,113155.59,0.6876,-8,-0.0158
2024-04-22,3,0.6356,3,28509.63,0.6649,-9,-0.0633
2024-04-24,10,0.709,10,97795.48,0.6752,7,0.0734
2024-04-25,10,0.7155,10,84945.57,0.6851,0,0.0065
2024-04-30,1,0.6504,1,9427.1,0.6839,-9,-0.0651
2024-05-02,7,0.6915,7,26162.3,0.6879,6,0.0411
2024-05-04,4,0.6757,4,39937.92,0.6824,-3,-0.0158
2024-05-05,4,0.7157,4,35172.17,0.6848,0,0.04
2024-05-08,1,0.6338,1,9259.98,0.6845,-3,-0.0819
2024-05-10,19,0.7297,19,141071.6,0.6875,18,0.0959
2024-05-14,1,0.6321,1,9182.17,0.6756,-18,-0.0976
2024-05-15,6,0.7152,6,36986.61,0.6848,5,0.0831
2024-05-17,1,0.651,1,8182.67,0.679,-5,-0.0642
2024-05-20,3,0.6575,3,27262.22,0.6764,2,0.0065
2024-05-21,4,0.6737,4,35553.62,0.6704,1,0.0162
2024-05-24,2,0.65,2,18633.65,0.6727,-2,-0.0237
2024-05-29,7,0.7341,7,51923.5,0.6734,5,0.0841
2024-05-31,17,0.734,17,114572.21,0.6879,10,-0.0001
2024-06-03,2,0.6586,2,18641.37,0.6798,-15,-0.0754
2024-06-05,3,0.6313,3,27599.91,0.677,1,-0.0273
2024-06-09,2,0.6857,2,12557.16,0.6811,-1,0.0544
2024-06-11,3,0.7057,3,27326.44,0.6856,1,0.02
2024-06-13,2,0.6625,2,17631.72,0.6874,-1,-0.0432
2024-06-14,3,0.6659,3,27998.69,0.6777,1,0.0034
2024-06-15,3,0.7003,3,21816.97,0.6729,0,0.0344
2024-06-16,3,0.6578,3,21514.79,0.6727,0,-0.0425
2024-06-21,1,0.6058,1,500.9,0.6691,-2,-0.052
2024-06-22,4,0.67,4,35248.97,0.6669,3,0.0642
2024-06-24,2,0.6317,2,16659.02,0.6563,-2,-0.0383
2024-06-25,1,0.6383,1,8629.32,0.6528,-1,0.0066
2024-06-27,2,0.6331,2,16855.31,0.6481,1,-0.0052
2024-06-28,10,0.7581,10,78333.15,0.6564,8,0.125
2024-06-29,9,0.6972,9,79790.48,0.662,-1,-0.0609
2024-07-03,2,0.6563,2,17315.97,0.6692,-7,-0.0409
2024-07-07,4,0.6551,4,23976.34,0.6671,2,-0.0012
