date_key,year,month,day,quarter,day_of_week,day_name,is_weekend
2024-01-01,2024,1,1,1,1,Monday,0
2024-01-02,2024,1,2,1,2,Tuesday,0
2024-01-03,2024,1,3,1,3,Wednesday,0
2024-01-04,2024,1,4,1,4,Thursday,0
2024-01-05,2024,1,5,1,5,Friday,0
2024-01-06,2024,1,6,1,6,Saturday,1
2024-01-07,2024,1,7,1,7,Sunday,1
2024-01-08,2024,1,8,1,1,Monday,0
2024-01-09,2024,1,9,1,2,Tuesday,0
2024-01-10,2024,1,10,1,3,Wednesday,0
2024-01-11,2024,1,11,1,4,Thursday,0
2024-01-12,2024,1,12,1,5,Friday,0
2024-01-13,2024,1,13,1,6,Saturday,1
2024-01-14,2024,1,14,1,7,Sunday,1
2024-01-15,2024,1,15,1,1,Monday,0
2024-01-16,2024,1,16,1,2,Tuesday,0
2024-01-17,2024,1,17,1,3,Wednesday,0
2024-01-18,2024,1,18,1,4,Thursday,0
2024-01-19,2024,1,19,1,5,Friday,0
2024-01-20,2024,1,20,1,6,Saturday,1
2024-01-21,2024,1,21,1,7,Sunday,1
2024-01-22,2024,1,22,1,1,Monday,0
2024-01-23,2024,1,23,1,2,Tuesday,0
2024-01-24,2024,1,24,1,3,Wednesday,0
2024-01-25,2024,1,25,1,4,Thursday,0
2024-01-26,2024,1,26,1,5,Friday,0
2024-01-27,2024,1,27,1,6,Saturday,1
2024-01-28,2024,1,28,1,7,Sunday,1
2024-01-29,2024,1,29,1,1,Monday,0
2024-01-30,2024,1,30,1,2,Tuesday,0
2024-01-31,2024,1,31,1,3,Wednesday,0
2024-02-01,2024,2,1,1,4,Thursday,0
2024-02-02,2024,2,2,1,5,Friday,0
2024-02-03,2024,2,3,1,6,Saturday,1
2024-02-04,2024,2,4,1,7,Sunday,1
2024-02-05,2024,2,5,1,1,Monday,0
2024-02-06,2024,2,6,1,2,Tuesday,0
2024-02-07,2024,2,7,1,3,Wednesday,0
2024-02-08,2024,2,8,1,4,Thursday,0
2024-02-09,2024,2,9,1,5,Friday,0
2024-02-10,2024,2,10,1,6,Saturday,1
2024-02-11,2024,2,11,1,7,Sunday,1
2024-02-12,2024,2,12,1,1,Monday,0
2024-02-13,2024,2,13,1,2,Tuesday,0
2024-02-14,2024,2,14,1,3,Wednesday,0
2024-02-15,2024,2,15,1,4,Thursday,0
2024-02-16,2024,2,16,1,5,Friday,0
2024-02-17,2024,2,17,1,6,Saturday,1
2024-02-18,2024,2,18,1,7,Sunday,1
2024-02-19,2024,2,19,1,1,Monday,0
2024-02-20,2024,2,20,1,2,Tuesday,0
2024-02-21,2024,2,21,1,3,Wednesday,0
2024-02-22,2024,2,22,1,4,Thursday,0
2024-02-23,2024,2,23,1,5,Friday,0
2024-02-24,2024,2,24,1,6,Saturday,1
2024-02-25,2024,2,25,1,7,Sunday,1
2024-02-26,2024,2,26,1,1,Monday,0
2024-02-27,2024,2,27,1,2,Tuesday,0
2024-02-28,2024,2,28,1,3,Wednesday,0
2024-02-29,2024,2,29,1,4,Thursday,0
2024-03-01,2024,3,1,1,5,Friday,0
2024-03-02,2024,3,2,1,6,Saturday,1
2024-03-03,2024,3,3,1,7,Sunday,1
2024-03-04,2024,3,4,1,1,Monday,0
2024-03-05,2024,3,5,1,2,Tuesday,0
2024-03-06,2024,3,6,1,3,Wednesday,0
2024-03-07,2024,3,7,1,4,Thursday,0
2024-03-08,2024,3,8,1,5,Friday,0
2024-03-09,2024,3,9,1,6,Saturday,1
2024-03-10,2024,3,10,1,7,Sunday,1
2024-03-11,2024,3,11,1,1,Monday,0
2024-03-12,2024,3,12,1,2,Tuesday,0
2024-03-13,2024,3,13,1,3,Wednesday,0
2024-03-14,2024,3,14,1,4,Thursday,0
2024-03-15,2024,3,15,1,5,Friday,0
2024-03-16,2024,3,16,1,6,Saturday,1
2024-03-17,2024,3,17,1,7,Sunday,1
2024-03-18,2024,3,18,1,1,Monday,0
2024-03-19,2024,3,19,1,2,Tuesday,0
2024-03-20,2024,3,20,1,3,Wednesday,0
2024-03-21,2024,3,21,1,4,Thursday,0
2024-03-22,2024,3,22,1,5,Friday,0
2024-03-23,2024,3,23,1,6,Saturday,1
2024-03-24,2024,3,24,1,7,Sunday,1
2024-03-25,2024,3,25,1,1,Monday,0
2024-03-26,2024,3,26,1,2,Tuesday,0
2024-03-27,2024,3,27,1,3,Wednesday,0
2024-03-28,2024,3,28,1,4,Thursday,0
2024-03-29,2024,3,29,1,5,Friday,0
2024-03-30,2024,3,30,1,6,Saturday,1
2024-03-31,2024,3,31,1,7,Sunday,1
2024-04-01,2024,4,1,2,1,Monday,0
2024-04-02,2024,4,2,2,2,Tuesday,0
2024-04-03,2024,4,3,2,3,Wednesday,0
2024-04-04,2024,4,4,2,4,Thursday,0
2024-04-05,2024,4,5,2,5,Friday,0
2024-04-06,2024,4,6,2,6,Saturday,1
2024-04-07,2024,4,7,2,7,Sunday,1
2024-04-08,2024,4,8,2,1,Monday,0
2024-04-09,2024,4,9,2,2,Tuesday,0
2024-04-10,2024,4,10,2,3,Wednesday,0
2024-04-11,2024,4,11,2,4,Thursday,0
2024-04-12,2024,4,12,2,5,Friday,0
2024-04-13,2024,4,13,2,6,Saturday,1
2024-04-14,2024,4,14,2,7,Sunday,1
2024-04-15,2024,4,15,2,1,Monday,0
2024-04-16,2024,4,16,2,2,Tuesday,0
2024-04-17,2024,4,17,2,3,Wednesday,0
2024-04-18,2024,4,18,2,4,Thursday,0
2024-04-19,2024,4,19,2,5,Friday,0
2024-04-20,2024,4,20,2,6,Saturday,1
2024-04-21,2024,4,21,2,7,Sunday,1
2024-04-22,2024,4,22,2,1,Monday,0
2024-04-23,2024,4,23,2,2,Tuesday,0
2024-04-24,2024,4,24,2,3,Wednesday,0
2024-04-25,2024,4,25,2,4,Thursday,0
2024-04-26,2024,4,26,2,5,Friday,0
2024-04-27,2024,4,27,2,6,Saturday,1
2024-04-28,2024,4,28,2,7,Sunday,1
2024-04-29,2024,4,29,2,1,Monday,0
2024-04-30,2024,4,30,2,2,Tuesday,0
2024-05-01,2024,5,1,2,3,Wednesday,0
2024-05-02,2024,5,2,2,4,Thursday,0
2024-05-03,2024,5,3,2,5,Friday,0
2024-05-04,2024,5,4,2,6,Saturday,1
2024-05-05,2024,5,5,2,7,Sunday,1
2024-05-06,2024,5,6,2,1,Monday,0
2024-05-07,2024,5,7,2,2,Tuesday,0
2024-05-08,2024,5,8,2,3,Wednesday,0
2024-05-09,2024,5,9,2,4,Thursday,0
2024-05-10,2024,5,10,2,5,Friday,0
2024-05-11,2024,5,11,2,6,Saturday,1
2024-05-12,2024,5,12,2,7,Sunday,1
2024-05-13,2024,5,13,2,1,Monday,0
2024-05-14,2024,5,14,2,2,Tuesday,0
2024-05-15,2024,5,15,2,3,Wednesday,0
2024-05-16,2024,5,16,2,4,Thursday,0
2024-05-17,2024,5,17,2,5,Friday,0
2024-05-18,2024,5,18,2,6,Saturday,1
2024-05-19,2024,5,19,2,7,Sunday,1
2024-05-20,2024,5,20,2,1,Monday,0
2024-05-21,2024,5,21,2,2,Tuesday,0
2024-05-22,2024,5,22,2,3,Wednesday,0
2024-05-23,2024,5,23,2,4,Thursday,0
2024-05-24,2024,5,24,2,5,Friday,0
2024-05-25,2024,5,25,2,6,Saturday,1
2024-05-26,2024,5,26,2,7,Sunday,1
2024-05-27,2024,5,27,2,1,Monday,0
2024-05-28,2024,5,28,2,2,Tuesday,0
2024-05-29,2024,5,29,2,3,Wednesday,0
2024-05-30,2024,5,30,2,4,Thursday,0
2024-05-31,2024,5,31,2,5,Friday,0
2024-06-01,2024,6,1,2,6,Saturday,1
2024-06-02,2024,6,2,2,7,Sunday,1
2024-06-03,2024,6,3,2,1,Monday,0
2024-06-04,2024,6,4,2,2,Tuesday,0
2024-06-05,2024,6,5,2,3,Wednesday,0
2024-06-06,2024,6,6,2,4,Thursday,0
2024-06-07,2024,6,7,2,5,Friday,0
2024-06-08,2024,6,8,2,6,Saturday,1
2024-06-09,2024,6,9,2,7,Sunday,1
2024-06-10,2024,6,10,2,1,Monday,0
2024-06-11,2024,6,11,2,2,Tuesday,0
2024-06-12,2024,6,12,2,3,Wednesday,0
2024-06-13,2024,6,13,2,4,Thursday,0
2024-06-14,2024,6,14,2,5,Friday,0
2024-06-15,2024,6,15,2,6,Saturday,1
2024-06-16,2024,6,16,2,7,Sunday,1
2024-06-17,2024,6,17,2,1,Monday,0
2024-06-18,2024,6,18,2,2,Tuesday,0
2024-06-19,2024,6,19,2,3,Wednesday,0
2024-06-20,2024,6,20,2,4,Thursday,0
2024-06-21,2024,6,21,2,5,Friday,0
2024-06-22,2024,6,22,2,6,Saturday,1
2024-06-23,2024,6,23,2,7,Sunday,1
2024-06-24,2024,6,24,2,1,Monday,0
2024-06-25,2024,6,25,2,2,Tuesday,0
2024-06-26,2024,6,26,2,3,Wednesday,0
2024-06-27,2024,6,27,2,4,Thursday,0
2024-06-28,2024,6,28,2,5,Friday,0
2024-06-29,2024,6,29,2,6,Saturday,1
2024-06-30,2024,6,30,2,7,Sunday,1
2024-07-01,2024,7,1,3,1,Monday,0
2024-07-02,2024,7,2,3,2,Tuesday,0
2024-07-03,2024,7,3,3,3,Wednesday,0
2024-07-04,2024,7,4,3,4,Thursday,0
2024-07-05,2024,7,5,3,5,Friday,0
2024-07-06,2024,7,6,3,6,Saturday,1
2024-07-07,2024,7,7,3,7,Sunday,1
2024-07-08,2024,7,8,3,1,Monday,0
