entity,alert_count,avg_risk_score,max_risk_score,critical_alerts,high_alerts,risk_rank
CIPHER_CAPITAL_170,4,0.8361,0.8835,3,1,1
APEX_CREDIT_094,2,0.8334,0.8835,1,1,2
PRIME_HOLDINGS_159,2,0.796,0.8612,1,1,3
VORTEX_CREDIT_144,2,0.7941,0.7998,0,2,4
DELTA_BANCORP_032,3,0.7934,0.8156,2,1,5
ATLAS_BANCORP_142,19,0.7899,0.9022,10,9,6
AXIOM_PARTNERS_198,3,0.7853,0.8363,1,2,7
MERIDIAN_CAPITAL_120,2,0.7824,0.8174,1,1,8
OMEGA_FIN_193,16,0.7803,0.8957,9,7,9
CORONA_CLEARING_056,2,0.7783,0.7982,0,2,10
ZENITH_FUND_107,3,0.777,0.8568,2,1,11
NOVA_TRUST_161,5,0.7743,0.8957,1,4,12
NEXUS_TRUST_051,6,0.7644,0.8956,2,4,13
ECLIPSE_HOLDINGS_189,5,0.7573,0.8401,2,3,14
SOLARIS_FIN_063,4,0.7564,0.8196,1,3,15
NEXUS_TRUST_031,11,0.7554,0.8763,4,7,16
VERTEX_PAYMENTS_175,2,0.7529,0.766,0,2,17
VORTEX_CREDIT_024,3,0.7514,0.7591,0,3,18
VORTEX_CREDIT_124,4,0.7498,0.7874,0,4,19
MERIDIAN_CAPITAL_160,6,0.7475,0.9022,1,5,20
HELIX_PAYMENTS_085,9,0.7472,0.8287,1,8,21
VERTEX_PAYMENTS_135,4,0.7466,0.8601,1,3,22
STRATUS_FUND_017,3,0.7464,0.8021,1,2,23
ECLIPSE_HOLDINGS_129,3,0.7463,0.7927,0,3,24
HELIX_PAYMENTS_185,3,0.7459,0.7652,0,3,25
