entity,tx_count,total_value,avg_value,outgoing_count,incoming_count,volume_rank,value_rank
CIPHER_CAPITAL_090,85,6667174.44,78437.35,54,31,1,20
ZENITH_FUND_007,85,2884483.22,33935.1,64,21,1,130
MERIDIAN_CAPITAL_100,82,3543126.79,43208.86,61,21,3,93
QUANTUM_CLEARING_166,81,2325070.62,28704.58,56,25,4,158
APEX_CREDIT_054,79,4582334.09,58004.23,54,25,5,61
MERIDIAN_CAPITAL_000,78,3197794.35,40997.36,52,26,6,114
NEXUS_TRUST_151,75,3764970.91,50199.61,42,33,7,84
VORTEX_CREDIT_044,75,1694531.66,22593.76,49,26,7,181
AXIOM_PARTNERS_138,74,6703898.86,90593.23,36,38,9,18
HELIX_PAYMENTS_085,72,7176653.0,99675.74,40,32,10,14
ZENITH_FUND_087,71,6083575.88,85684.17,40,31,11,26
ECLIPSE_HOLDINGS_089,70,5291779.71,75596.85,47,23,12,43
CORONA_CLEARING_196,69,7580563.0,109863.23,42,27,13,8
DELTA_BANCORP_012,68,8579772.9,126173.13,42,26,14,6
NOVA_TRUST_181,68,5351191.44,78693.99,42,26,14,41
HELIX_PAYMENTS_065,68,3436433.08,50535.78,47,21,14,99
HELIX_PAYMENTS_145,68,3250013.32,47794.31,39,29,14,110
DELTA_BANCORP_072,68,2735738.27,40231.45,47,21,14,137
ATLAS_BANCORP_142,67,2571081.89,38374.36,42,25,19,146
AXIOM_PARTNERS_038,66,4385765.78,66451.0,43,23,20,66
PRIME_HOLDINGS_199,66,3842180.68,58214.86,40,26,20,78
ECLIPSE_HOLDINGS_069,64,10870258.67,169847.79,42,22,22,3
PRIME_HOLDINGS_119,64,3113356.29,48646.19,33,31,22,119
ATLAS_BANCORP_082,63,6846344.64,108672.14,32,31,24,17
NOVA_TRUST_121,62,7151721.37,115350.34,35,27,25,15
