entity,month,tx_count,tx_value,prev_month_tx_count,tx_count_change,value_pct_change
APEX_CREDIT_014,2024-01,6,834459.65,,,
APEX_CREDIT_014,2024-02,2,64940.43,6,-4,-92.22
APEX_CREDIT_014,2024-03,8,66160.82,2,6,1.88
APEX_CREDIT_014,2024-04,2,482207.28,8,-6,628.84
APEX_CREDIT_014,2024-05,13,116825.41,2,11,-75.77
APEX_CREDIT_014,2024-06,3,42873.76,13,-10,-63.3
APEX_CREDIT_014,2024-07,1,7490.29,3,-2,-82.53
APEX_CREDIT_034,2024-01,3,65851.67,,,
APEX_CREDIT_034,2024-02,2,275193.02,3,-1,317.9
APEX_CREDIT_034,2024-03,2,768112.03,2,0,179.12
APEX_CREDIT_034,2024-04,5,762366.79,2,3,-0.75
APEX_CREDIT_034,2024-05,5,101109.4,5,0,-86.74
APEX_CREDIT_034,2024-06,1,5040.04,5,-4,-95.02
APEX_CREDIT_054,2024-01,20,192266.83,,,
APEX_CREDIT_054,2024-02,2,14057.84,20,-18,-92.69
APEX_CREDIT_054,2024-03,4,778581.03,2,2,5438.41
APEX_CREDIT_054,2024-04,22,191517.08,4,18,-75.4
APEX_CREDIT_054,2024-05,3,106638.44,22,-19,-44.32
APEX_CREDIT_054,2024-06,3,174988.9,3,0,64.1
APEX_CREDIT_074,2024-01,2,503316.68,,,
APEX_CREDIT_074,2024-02,2,377768.24,2,0,-24.94
APEX_CREDIT_074,2024-03,3,1539.9,2,1,-99.59
APEX_CREDIT_074,2024-04,1,743.93,3,-2,-51.69
APEX_CREDIT_074,2024-05,1,534725.52,1,0,71778.47
APEX_CREDIT_074,2024-07,1,253985.14,1,0,-52.5
APEX_CREDIT_094,2024-01,6,725517.5,,,
APEX_CREDIT_094,2024-02,5,1140238.79,6,-1,57.16
APEX_CREDIT_094,2024-03,2,32652.34,5,-3,-97.14
APEX_CREDIT_094,2024-05,8,127005.09,2,6,288.96
APEX_CREDIT_094,2024-06,12,776747.48,8,4,511.59
APEX_CREDIT_094,2024-07,1,244708.99,12,-11,-68.5
APEX_CREDIT_114,2024-01,1,129798.34,,,
APEX_CREDIT_114,2024-02,1,8702.03,1,0,-93.3
APEX_CREDIT_114,2024-03,3,148022.11,1,2,1601.01
APEX_CREDIT_114,2024-04,1,24688.82,3,-2,-83.32
APEX_CREDIT_114,2024-05,2,54155.87,1,1,119.35
APEX_CREDIT_114,2024-06,2,512582.62,2,0,846.5
APEX_CREDIT_134,2024-01,1,19956.46,,,
APEX_CREDIT_134,2024-02,7,2249173.42,1,6,11170.4
APEX_CREDIT_134,2024-03,2,126727.28,7,-5,-94.37
APEX_CREDIT_134,2024-04,2,17425.37,2,0,-86.25
APEX_CREDIT_134,2024-05,3,22993.99,2,1,31.96
APEX_CREDIT_134,2024-06,3,354472.51,3,0,1441.59
APEX_CREDIT_154,2024-01,2,194457.08,,,
APEX_CREDIT_154,2024-02,3,480142.49,2,1,146.91
APEX_CREDIT_154,2024-03,2,42801.44,3,-1,-91.09
APEX_CREDIT_154,2024-04,3,23899.0,2,1,-44.16
APEX_CREDIT_154,2024-05,4,539119.08,3,1,2155.82
APEX_CREDIT_154,2024-06,8,73810.62,4,4,-86.31
APEX_CREDIT_174,2024-01,1,146238.91,,,
APEX_CREDIT_174,2024-02,1,541288.27,1,0,270.14
APEX_CREDIT_174,2024-03,6,81263.7,1,5,-84.99
APEX_CREDIT_174,2024-04,5,354210.58,6,-1,335.88
APEX_CREDIT_174,2024-05,6,174905.0,5,1,-50.62
APEX_CREDIT_174,2024-06,2,436100.04,6,-4,149.34
APEX_CREDIT_174,2024-07,2,175168.64,2,0,-59.83
APEX_CREDIT_194,2024-02,4,115780.9,,,
APEX_CREDIT_194,2024-03,3,126350.9,4,-1,9.13
APEX_CREDIT_194,2024-04,10,234776.72,3,7,85.81
APEX_CREDIT_194,2024-05,1,447553.05,10,-9,90.63
APEX_CREDIT_194,2024-06,4,549709.06,1,3,22.83
APEX_CREDIT_194,2024-07,2,219903.34,4,-2,-60.0
ATLAS_BANCORP_002,2024-01,3,77218.07,,,
ATLAS_BANCORP_002,2024-02,21,478360.04,3,18,519.49
ATLAS_BANCORP_002,2024-03,3,232490.06,21,-18,-51.4
ATLAS_BANCORP_002,2024-04,1,74666.53,3,-2,-67.88
ATLAS_BANCORP_002,2024-05,3,293743.7,1,2,293.41
ATLAS_BANCORP_002,2024-06,4,279995.19,3,1,-4.68
ATLAS_BANCORP_002,2024-07,1,312597.71,4,-3,11.64
ATLAS_BANCORP_022,2024-01,1,2185.61,,,
ATLAS_BANCORP_022,2024-02,2,17379.16,1,1,695.16
ATLAS_BANCORP_022,2024-03,4,530975.16,2,2,2955.24
ATLAS_BANCORP_022,2024-04,3,109338.93,4,-1,-79.41
ATLAS_BANCORP_022,2024-05,4,162456.84,3,1,48.58
ATLAS_BANCORP_022,2024-06,8,63595.34,4,4,-60.85
ATLAS_BANCORP_042,2024-01,4,204221.84,,,
ATLAS_BANCORP_042,2024-02,5,132547.69,4,1,-35.1
ATLAS_BANCORP_042,2024-03,3,337680.02,5,-2,154.76
ATLAS_BANCORP_042,2024-04,3,504526.88,3,0,49.41
ATLAS_BANCORP_042,2024-05,2,160418.9,3,-1,-68.2
ATLAS_BANCORP_042,2024-06,2,15703.82,2,0,-90.21
ATLAS_BANCORP_042,2024-07,1,10161.19,2,-1,-35.29
ATLAS_BANCORP_062,2024-01,3,76253.09,,,
ATLAS_BANCORP_062,2024-02,3,139795.18,3,0,83.33
ATLAS_BANCORP_062,2024-03,9,196913.22,3,6,40.86
ATLAS_BANCORP_062,2024-04,1,1029.51,9,-8,-99.48
ATLAS_BANCORP_062,2024-05,4,1492225.08,1,3,144845.18
ATLAS_BANCORP_082,2024-01,8,1250275.36,,,
ATLAS_BANCORP_082,2024-02,1,118223.49,8,-7,-90.54
ATLAS_BANCORP_082,2024-03,2,7072.87,1,1,-94.02
ATLAS_BANCORP_082,2024-04,3,330044.56,2,1,4566.35
ATLAS_BANCORP_082,2024-05,3,482458.27,3,0,46.18
ATLAS_BANCORP_082,2024-06,13,900820.09,3,10,86.71
ATLAS_BANCORP_082,2024-07,2,31372.41,13,-11,-96.52
ATLAS_BANCORP_102,2024-01,1,11852.47,,,
ATLAS_BANCORP_102,2024-02,2,379178.95,1,1,3099.16
ATLAS_BANCORP_102,2024-03,3,448004.81,2,1,18.15
ATLAS_BANCORP_102,2024-04,3,10117.5,3,0,-97.74
ATLAS_BANCORP_102,2024-05,3,580408.78,3,0,5636.68
ATLAS_BANCORP_102,2024-06,1,12424.78,3,-2,-97.86
ATLAS_BANCORP_102,2024-07,2,8687.13,1,1,-30.08
ATLAS_BANCORP_122,2024-01,3,192444.39,,,
ATLAS_BANCORP_122,2024-02,4,564867.22,3,1,193.52
ATLAS_BANCORP_122,2024-03,1,24525.38,4,-3,-95.66
ATLAS_BANCORP_122,2024-04,2,127448.84,1,1,419.66
ATLAS_BANCORP_122,2024-05,9,659559.7,2,7,417.51
ATLAS_BANCORP_142,2024-01,2,1994.99,,,
ATLAS_BANCORP_142,2024-02,25,458685.01,2,23,22891.85
ATLAS_BANCORP_142,2024-04,3,449022.04,25,-22,-2.11
ATLAS_BANCORP_142,2024-05,5,405004.74,3,2,-9.8
ATLAS_BANCORP_142,2024-06,6,291128.96,5,1,-28.12
ATLAS_BANCORP_142,2024-07,1,17840.61,6,-5,-93.87
ATLAS_BANCORP_162,2024-01,11,370221.35,,,
ATLAS_BANCORP_162,2024-02,5,103204.68,11,-6,-72.12
ATLAS_BANCORP_162,2024-03,3,116104.75,5,-2,12.5
ATLAS_BANCORP_162,2024-04,3,19044.23,3,0,-83.6
ATLAS_BANCORP_162,2024-05,4,1079723.52,3,1,5569.56
ATLAS_BANCORP_162,2024-07,1,30345.47,4,-3,-97.19
ATLAS_BANCORP_182,2024-01,4,900124.57,,,
ATLAS_BANCORP_182,2024-02,2,192448.73,4,-2,-78.62
ATLAS_BANCORP_182,2024-04,3,64650.46,2,1,-66.41
ATLAS_BANCORP_182,2024-05,1,51834.49,3,-2,-19.82
ATLAS_BANCORP_182,2024-06,13,115453.0,1,12,122.73
AXIOM_PARTNERS_018,2024-01,3,334809.81,,,
AXIOM_PARTNERS_018,2024-02,4,144326.1,3,1,-56.89
AXIOM_PARTNERS_018,2024-04,24,795695.51,4,20,451.32
AXIOM_PARTNERS_018,2024-05,8,2755363.05,24,-16,246.28
AXIOM_PARTNERS_018,2024-07,1,8449.3,8,-7,-99.69
AXIOM_PARTNERS_038,2024-01,4,580592.07,,,
AXIOM_PARTNERS_038,2024-02,21,363676.39,4,17,-37.36
AXIOM_PARTNERS_038,2024-03,1,95664.76,21,-20,-73.7
AXIOM_PARTNERS_038,2024-04,3,244167.27,1,2,155.23
AXIOM_PARTNERS_038,2024-05,3,180540.34,3,0,-26.06
AXIOM_PARTNERS_038,2024-06,11,856851.76,3,8,374.6
AXIOM_PARTNERS_058,2024-01,3,339102.51,,,
AXIOM_PARTNERS_058,2024-02,3,131587.59,3,0,-61.2
AXIOM_PARTNERS_058,2024-03,2,68319.74,3,-1,-48.08
AXIOM_PARTNERS_058,2024-04,23,4035250.37,2,21,5806.42
AXIOM_PARTNERS_058,2024-05,2,106245.99,23,-21,-97.37
AXIOM_PARTNERS_058,2024-06,5,294817.35,2,3,177.49
AXIOM_PARTNERS_058,2024-07,2,263430.8,5,-3,-10.65
AXIOM_PARTNERS_078,2024-01,9,164222.56,,,
AXIOM_PARTNERS_078,2024-02,4,471084.87,9,-5,186.86
AXIOM_PARTNERS_078,2024-03,1,14618.18,4,-3,-96.9
AXIOM_PARTNERS_078,2024-04,2,11719.17,1,1,-19.83
AXIOM_PARTNERS_078,2024-05,4,94139.42,2,2,703.29
AXIOM_PARTNERS_078,2024-06,3,196129.62,4,-1,108.34
AXIOM_PARTNERS_098,2024-01,3,102196.07,,,
AXIOM_PARTNERS_098,2024-02,19,378380.42,3,16,270.25
AXIOM_PARTNERS_098,2024-03,1,110.67,19,-18,-99.97
AXIOM_PARTNERS_098,2024-04,1,170355.31,1,0,153830.88
AXIOM_PARTNERS_098,2024-05,4,84092.46,1,3,-50.64
AXIOM_PARTNERS_098,2024-06,3,718775.83,4,-1,754.74
AXIOM_PARTNERS_098,2024-07,2,12380.67,3,-1,-98.28
AXIOM_PARTNERS_118,2024-01,16,1017260.15,,,
AXIOM_PARTNERS_118,2024-02,1,11715.96,16,-15,-98.85
AXIOM_PARTNERS_118,2024-03,4,290855.21,1,3,2382.56
AXIOM_PARTNERS_118,2024-05,2,40839.84,4,-2,-85.96
AXIOM_PARTNERS_118,2024-06,1,27156.66,2,-1,-33.5
AXIOM_PARTNERS_118,2024-07,1,3539.47,1,0,-86.97
AXIOM_PARTNERS_138,2024-01,6,96361.38,,,
AXIOM_PARTNERS_138,2024-02,5,75988.3,6,-1,-21.14
AXIOM_PARTNERS_138,2024-03,7,929258.35,5,2,1122.9
AXIOM_PARTNERS_138,2024-04,11,117295.14,7,4,-87.38
AXIOM_PARTNERS_138,2024-05,3,543466.48,11,-8,363.33
AXIOM_PARTNERS_138,2024-06,3,111002.6,3,0,-79.58
AXIOM_PARTNERS_138,2024-07,1,9051.83,3,-2,-91.85
AXIOM_PARTNERS_158,2024-01,4,564998.57,,,
AXIOM_PARTNERS_158,2024-02,1,987.68,4,-3,-99.83
AXIOM_PARTNERS_158,2024-03,2,435212.82,1,1,43964.15
AXIOM_PARTNERS_158,2024-04,4,54908.55,2,2,-87.38
AXIOM_PARTNERS_158,2024-05,6,48721.08,4,2,-11.27
AXIOM_PARTNERS_158,2024-06,2,405225.71,6,-4,731.73
AXIOM_PARTNERS_178,2024-01,3,852603.44,,,
AXIOM_PARTNERS_178,2024-02,13,113930.68,3,10,-86.64
AXIOM_PARTNERS_178,2024-03,3,47824.62,13,-10,-58.02
AXIOM_PARTNERS_178,2024-04,3,35838.32,3,0,-25.06
AXIOM_PARTNERS_178,2024-05,3,424925.88,3,0,1085.67
AXIOM_PARTNERS_178,2024-06,2,77215.85,3,-1,-81.83
AXIOM_PARTNERS_178,2024-07,1,560.38,2,-1,-99.27
AXIOM_PARTNERS_198,2024-01,6,962657.84,,,
AXIOM_PARTNERS_198,2024-02,1,3969.92,6,-5,-99.59
AXIOM_PARTNERS_198,2024-03,3,88810.88,1,2,2137.09
AXIOM_PARTNERS_198,2024-04,3,146040.01,3,0,64.44
AXIOM_PARTNERS_198,2024-06,3,227529.21,3,0,55.8
AXIOM_PARTNERS_198,2024-07,1,36864.85,3,-2,-83.8
CIPHER_CAPITAL_010,2024-01,2,211266.2,,,
CIPHER_CAPITAL_010,2024-03,7,52821.31,2,5,-75.0
CIPHER_CAPITAL_010,2024-04,6,107903.75,7,-1,104.28
CIPHER_CAPITAL_010,2024-06,5,356760.71,6,-1,230.63
CIPHER_CAPITAL_010,2024-07,1,5424.46,5,-4,-98.48
CIPHER_CAPITAL_030,2024-01,1,146088.57,,,
CIPHER_CAPITAL_030,2024-02,5,51490.84,1,4,-64.75
CIPHER_CAPITAL_030,2024-03,1,153589.47,5,-4,198.29
CIPHER_CAPITAL_030,2024-04,2,62000.41,1,1,-59.63
CIPHER_CAPITAL_030,2024-05,8,385254.15,2,6,521.37
CIPHER_CAPITAL_030,2024-06,6,494894.31,8,-2,28.46
CIPHER_CAPITAL_050,2024-01,3,139876.24,,,
CIPHER_CAPITAL_050,2024-02,6,652292.78,3,3,366.34
CIPHER_CAPITAL_050,2024-03,1,211303.81,6,-5,-67.61
CIPHER_CAPITAL_050,2024-06,7,460737.44,1,6,118.05
CIPHER_CAPITAL_070,2024-01,7,106899.2,,,
CIPHER_CAPITAL_070,2024-02,1,97680.73,7,-6,-8.62
CIPHER_CAPITAL_070,2024-03,2,151826.19,1,1,55.43
CIPHER_CAPITAL_070,2024-04,4,96915.31,2,2,-36.17
CIPHER_CAPITAL_070,2024-05,1,10170.19,4,-3,-89.51
CIPHER_CAPITAL_070,2024-06,3,165851.82,1,2,1530.76
CIPHER_CAPITAL_090,2024-01,17,183437.18,,,
CIPHER_CAPITAL_090,2024-02,3,556552.24,17,-14,203.4
CIPHER_CAPITAL_090,2024-03,4,293649.17,3,1,-47.24
CIPHER_CAPITAL_090,2024-04,3,117895.5,4,-1,-59.85
CIPHER_CAPITAL_090,2024-05,14,674300.76,3,11,471.95
CIPHER_CAPITAL_090,2024-06,4,774412.22,14,-10,14.85
CIPHER_CAPITAL_090,2024-07,9,77079.99,4,5,-90.05
CIPHER_CAPITAL_110,2024-01,1,3526.62,,,
CIPHER_CAPITAL_110,2024-02,3,332878.3,1,2,9339.02
CIPHER_CAPITAL_110,2024-03,10,464614.37,3,7,39.57
CIPHER_CAPITAL_110,2024-04,3,36194.15,10,-7,-92.21
CIPHER_CAPITAL_110,2024-05,1,2725.09,3,-2,-92.47
CIPHER_CAPITAL_110,2024-06,3,137258.51,1,2,4936.84
CIPHER_CAPITAL_130,2024-01,7,406057.39,,,
CIPHER_CAPITAL_130,2024-02,2,87460.75,7,-5,-78.46
CIPHER_CAPITAL_130,2024-03,1,458765.86,2,-1,424.54
CIPHER_CAPITAL_130,2024-04,3,49057.82,1,2,-89.31
CIPHER_CAPITAL_130,2024-05,3,92897.43,3,0,89.36
CIPHER_CAPITAL_130,2024-06,2,172929.29,3,-1,86.15
CIPHER_CAPITAL_130,2024-07,1,128847.13,2,-1,-25.49
CIPHER_CAPITAL_150,2024-01,8,69911.24,,,
CIPHER_CAPITAL_150,2024-02,8,66636.01,8,0,-4.68
CIPHER_CAPITAL_150,2024-03,2,11997.17,8,-6,-82.0
CIPHER_CAPITAL_150,2024-04,2,20230.51,2,0,68.63
CIPHER_CAPITAL_150,2024-05,2,564419.8,2,0,2689.94
CIPHER_CAPITAL_150,2024-06,2,354152.96,2,0,-37.25
CIPHER_CAPITAL_150,2024-07,10,83247.73,2,8,-76.49
CIPHER_CAPITAL_170,2024-01,2,123834.68,,,
CIPHER_CAPITAL_170,2024-02,4,272117.08,2,2,119.74
CIPHER_CAPITAL_170,2024-03,1,6539.95,4,-3,-97.6
CIPHER_CAPITAL_170,2024-04,2,19254.77,1,1,194.42
CIPHER_CAPITAL_170,2024-05,2,12873.53,2,0,-33.14
CIPHER_CAPITAL_170,2024-06,1,48393.21,2,-1,275.91
CIPHER_CAPITAL_190,2024-01,8,119549.61,,,
CIPHER_CAPITAL_190,2024-02,4,643890.42,8,-4,438.6
CIPHER_CAPITAL_190,2024-03,1,123512.81,4,-3,-80.82
CIPHER_CAPITAL_190,2024-04,2,381646.5,1,1,208.99
CIPHER_CAPITAL_190,2024-05,1,7162.02,2,-1,-98.12
CIPHER_CAPITAL_190,2024-06,8,847041.45,1,7,11726.85
CORONA_CLEARING_016,2024-01,3,11493.1,,,
CORONA_CLEARING_016,2024-03,4,574998.02,3,1,4902.98
CORONA_CLEARING_016,2024-04,5,160430.01,4,1,-72.1
CORONA_CLEARING_016,2024-05,2,119444.57,5,-3,-25.55
CORONA_CLEARING_016,2024-06,2,18282.9,2,0,-84.69
CORONA_CLEARING_016,2024-07,2,301974.06,2,0,1551.67
CORONA_CLEARING_036,2024-01,1,8198.89,,,
CORONA_CLEARING_036,2024-02,1,41030.28,1,0,400.44
CORONA_CLEARING_036,2024-03,5,46292.05,1,4,12.82
CORONA_CLEARING_036,2024-04,4,1866916.44,5,-1,3932.91
CORONA_CLEARING_036,2024-05,4,739932.58,4,0,-60.37
CORONA_CLEARING_036,2024-06,8,349230.43,4,4,-52.8
CORONA_CLEARING_036,2024-07,1,192.72,8,-7,-99.94
CORONA_CLEARING_056,2024-01,3,258052.69,,,
CORONA_CLEARING_056,2024-02,2,2029279.48,3,-1,686.38
CORONA_CLEARING_056,2024-03,7,328274.35,2,5,-83.82
CORONA_CLEARING_056,2024-04,1,4180.73,7,-6,-98.73
CORONA_CLEARING_056,2024-05,1,592384.15,1,0,14069.4
CORONA_CLEARING_056,2024-06,6,671862.9,1,5,13.42
CORONA_CLEARING_076,2024-01,10,560926.63,,,
CORONA_CLEARING_076,2024-02,3,524540.24,10,-7,-6.49
CORONA_CLEARING_076,2024-03,2,19591.24,3,-1,-96.27
CORONA_CLEARING_076,2024-04,2,4050.65,2,0,-79.32
CORONA_CLEARING_076,2024-05,5,558945.37,2,3,13698.91
CORONA_CLEARING_076,2024-06,8,86027.72,5,3,-84.61
CORONA_CLEARING_096,2024-02,2,75415.12,,,
CORONA_CLEARING_096,2024-03,9,115641.82,2,7,53.34
CORONA_CLEARING_096,2024-04,19,170614.28,9,10,47.54
CORONA_CLEARING_096,2024-05,1,164.96,19,-18,-99.9
CORONA_CLEARING_096,2024-06,2,30257.2,1,1,18242.14
CORONA_CLEARING_096,2024-07,1,498.96,2,-1,-98.35
CORONA_CLEARING_116,2024-01,4,848190.37,,,
CORONA_CLEARING_116,2024-02,1,119926.31,4,-3,-85.86
CORONA_CLEARING_116,2024-03,3,44600.09,1,2,-62.81
CORONA_CLEARING_116,2024-04,1,9490.6,3,-2,-78.72
CORONA_CLEARING_116,2024-05,2,127801.76,1,1,1246.61
CORONA_CLEARING_116,2024-06,5,430171.63,2,3,236.59
CORONA_CLEARING_136,2024-01,3,334697.11,,,
CORONA_CLEARING_136,2024-02,2,40758.4,3,-1,-87.82
CORONA_CLEARING_136,2024-03,4,200843.68,2,2,392.77
CORONA_CLEARING_136,2024-04,1,30754.83,4,-3,-84.69
CORONA_CLEARING_136,2024-05,2,15071.53,1,1,-50.99
CORONA_CLEARING_136,2024-06,6,227868.61,2,4,1411.91
CORONA_CLEARING_136,2024-07,1,25830.47,6,-5,-88.66
CORONA_CLEARING_156,2024-01,14,581927.53,,,
CORONA_CLEARING_156,2024-02,3,401439.45,14,-11,-31.02
CORONA_CLEARING_156,2024-03,1,123263.45,3,-2,-69.29
CORONA_CLEARING_156,2024-04,9,369099.92,1,8,199.44
CORONA_CLEARING_156,2024-05,1,157.84,9,-8,-99.96
CORONA_CLEARING_156,2024-06,4,1176049.66,1,3,744989.75
CORONA_CLEARING_156,2024-07,2,4904.75,4,-2,-99.58
CORONA_CLEARING_176,2024-01,2,550.31,,,
CORONA_CLEARING_176,2024-02,3,639547.57,2,1,116115.87
CORONA_CLEARING_176,2024-03,4,24173.4,3,1,-96.22
CORONA_CLEARING_176,2024-04,2,9607.04,4,-2,-60.26
CORONA_CLEARING_176,2024-05,4,82289.16,2,2,756.55
CORONA_CLEARING_176,2024-06,4,1034671.17,4,0,1157.36
CORONA_CLEARING_176,2024-07,1,7630.21,4,-3,-99.26
CORONA_CLEARING_196,2024-01,3,320374.26,,,
CORONA_CLEARING_196,2024-02,20,127708.02,3,17,-60.14
CORONA_CLEARING_196,2024-03,2,591537.83,20,-18,363.2
CORONA_CLEARING_196,2024-04,6,46564.57,2,4,-92.13
CORONA_CLEARING_196,2024-05,5,4236958.19,6,-1,8999.1
CORONA_CLEARING_196,2024-06,5,272487.56,5,0,-93.57
CORONA_CLEARING_196,2024-07,1,7485.4,5,-4,-97.25
DELTA_BANCORP_012,2024-01,22,238353.98,,,
DELTA_BANCORP_012,2024-02,9,1041645.57,22,-13,337.02
DELTA_BANCORP_012,2024-03,5,1111458.93,9,-4,6.7
DELTA_BANCORP_012,2024-04,3,47573.84,5,-2,-95.72
DELTA_BANCORP_012,2024-05,2,14613.16,3,-1,-69.28
DELTA_BANCORP_012,2024-06,1,314166.23,2,-1,2049.89
DELTA_BANCORP_032,2024-01,1,10017.17,,,
DELTA_BANCORP_032,2024-02,2,62897.9,1,1,527.9
DELTA_BANCORP_032,2024-03,2,613629.55,2,0,875.6
DELTA_BANCORP_032,2024-04,4,1750856.34,2,2,185.33
DELTA_BANCORP_032,2024-05,1,9166.99,4,-3,-99.48
DELTA_BANCORP_032,2024-06,2,110748.83,1,1,1108.13
DELTA_BANCORP_032,2024-07,1,23434.26,2,-1,-78.84
DELTA_BANCORP_052,2024-01,9,52193.86,,,
DELTA_BANCORP_052,2024-02,2,142093.91,9,-7,172.24
DELTA_BANCORP_052,2024-03,2,7205.42,2,0,-94.93
DELTA_BANCORP_052,2024-04,2,7503.9,2,0,4.14
DELTA_BANCORP_052,2024-05,4,26248.81,2,2,249.8
DELTA_BANCORP_052,2024-06,6,274011.03,4,2,943.9
DELTA_BANCORP_052,2024-07,1,17559.89,6,-5,-93.59
DELTA_BANCORP_072,2024-01,3,22908.34,,,
DELTA_BANCORP_072,2024-02,18,138457.78,3,15,504.4
DELTA_BANCORP_072,2024-03,3,69272.97,18,-15,-49.97
DELTA_BANCORP_072,2024-04,17,185073.93,3,14,167.17
DELTA_BANCORP_072,2024-05,2,109594.85,17,-15,-40.78
DELTA_BANCORP_072,2024-06,3,403584.78,2,1,268.25
DELTA_BANCORP_072,2024-07,1,119264.21,3,-2,-70.45
DELTA_BANCORP_092,2024-01,4,356956.65,,,
DELTA_BANCORP_092,2024-02,4,224573.55,4,0,-37.09
DELTA_BANCORP_092,2024-03,10,375646.16,4,6,67.27
DELTA_BANCORP_092,2024-04,1,42418.98,10,-9,-88.71
DELTA_BANCORP_092,2024-05,1,17553.07,1,0,-58.62
DELTA_BANCORP_092,2024-06,6,1304712.02,1,5,7332.96
DELTA_BANCORP_092,2024-07,2,7546.17,6,-4,-99.42
DELTA_BANCORP_112,2024-01,6,246413.57,,,
DELTA_BANCORP_112,2024-02,2,48692.4,6,-4,-80.24
DELTA_BANCORP_112,2024-03,21,829038.05,2,19,1602.6
DELTA_BANCORP_112,2024-04,2,77584.82,21,-19,-90.64
DELTA_BANCORP_112,2024-05,4,283135.06,2,2,264.94
DELTA_BANCORP_112,2024-07,1,58915.87,4,-3,-79.19
DELTA_BANCORP_132,2024-01,3,143172.03,,,
DELTA_BANCORP_132,2024-02,3,604892.7,3,0,322.49
DELTA_BANCORP_132,2024-03,2,92908.85,3,-1,-84.64
DELTA_BANCORP_132,2024-04,6,691817.48,2,4,644.62
DELTA_BANCORP_132,2024-05,8,245166.17,6,2,-64.56
DELTA_BANCORP_132,2024-06,5,6141927.79,8,-3,2405.21
DELTA_BANCORP_152,2024-01,10,2208481.83,,,
DELTA_BANCORP_152,2024-02,1,1596.85,10,-9,-99.93
DELTA_BANCORP_152,2024-03,5,326340.94,1,4,20336.54
DELTA_BANCORP_152,2024-04,3,65583.93,5,-2,-79.9
DELTA_BANCORP_152,2024-05,1,29411.52,3,-2,-55.15
DELTA_BANCORP_152,2024-06,13,258759.0,1,12,779.79
DELTA_BANCORP_152,2024-07,1,87002.58,13,-12,-66.38
DELTA_BANCORP_172,2024-01,1,139277.81,,,
DELTA_BANCORP_172,2024-02,2,229796.41,1,1,64.99
DELTA_BANCORP_172,2024-03,4,384843.88,2,2,67.47
DELTA_BANCORP_172,2024-04,1,19936.58,4,-3,-94.82
DELTA_BANCORP_172,2024-05,2,172144.73,1,1,763.46
DELTA_BANCORP_172,2024-06,3,403501.71,2,1,134.4
DELTA_BANCORP_172,2024-07,1,4188.05,3,-2,-98.96
DELTA_BANCORP_192,2024-02,2,22719.72,,,
DELTA_BANCORP_192,2024-03,3,57925.08,2,1,154.96
DELTA_BANCORP_192,2024-04,4,495739.29,3,1,755.83
DELTA_BANCORP_192,2024-05,13,1470874.17,4,9,196.7
DELTA_BANCORP_192,2024-06,1,12760.18,13,-12,-99.13
ECLIPSE_HOLDINGS_009,2024-01,3,72177.76,,,
ECLIPSE_HOLDINGS_009,2024-02,7,941844.84,3,4,1204.9
ECLIPSE_HOLDINGS_009,2024-03,3,119647.0,7,-4,-87.3
ECLIPSE_HOLDINGS_009,2024-04,7,923606.13,3,4,671.94
ECLIPSE_HOLDINGS_009,2024-05,1,3926.52,7,-6,-99.57
ECLIPSE_HOLDINGS_009,2024-06,10,565508.23,1,9,14302.28
ECLIPSE_HOLDINGS_029,2024-01,2,94503.22,,,
ECLIPSE_HOLDINGS_029,2024-02,2,385427.83,2,0,307.85
ECLIPSE_HOLDINGS_029,2024-03,1,626.65,2,-1,-99.84
ECLIPSE_HOLDINGS_029,2024-04,5,601445.99,1,4,95877.98
ECLIPSE_HOLDINGS_029,2024-05,4,1026789.48,5,-1,70.72
ECLIPSE_HOLDINGS_029,2024-06,3,491152.3,4,-1,-52.17
ECLIPSE_HOLDINGS_029,2024-07,1,52166.95,3,-2,-89.38
ECLIPSE_HOLDINGS_049,2024-01,2,47234.13,,,
ECLIPSE_HOLDINGS_049,2024-02,3,22597.94,2,1,-52.16
ECLIPSE_HOLDINGS_049,2024-03,2,201087.47,3,-1,789.85
ECLIPSE_HOLDINGS_049,2024-04,1,9390.22,2,-1,-95.33
ECLIPSE_HOLDINGS_049,2024-05,8,740195.64,1,7,7782.62
ECLIPSE_HOLDINGS_049,2024-06,5,179853.8,8,-3,-75.7
ECLIPSE_HOLDINGS_069,2024-01,27,245401.13,,,
ECLIPSE_HOLDINGS_069,2024-02,4,375644.12,27,-23,53.07
ECLIPSE_HOLDINGS_069,2024-03,2,1215119.09,4,-2,223.48
ECLIPSE_HOLDINGS_069,2024-04,4,736432.65,2,2,-39.39
ECLIPSE_HOLDINGS_069,2024-05,2,1814.09,4,-2,-99.75
ECLIPSE_HOLDINGS_069,2024-06,3,63289.11,2,1,3388.75
ECLIPSE_HOLDINGS_089,2024-01,11,428295.56,,,
ECLIPSE_HOLDINGS_089,2024-02,24,334522.42,11,13,-21.89
ECLIPSE_HOLDINGS_089,2024-03,4,1516652.15,24,-20,353.38
ECLIPSE_HOLDINGS_089,2024-04,3,32062.29,4,-1,-97.89
ECLIPSE_HOLDINGS_089,2024-05,1,405015.07,3,-2,1163.21
ECLIPSE_HOLDINGS_089,2024-06,3,100076.18,1,2,-75.29
ECLIPSE_HOLDINGS_089,2024-07,1,267352.78,3,-2,167.15
ECLIPSE_HOLDINGS_109,2024-01,2,348332.45,,,
ECLIPSE_HOLDINGS_109,2024-02,2,10979.93,2,0,-96.85
ECLIPSE_HOLDINGS_109,2024-03,1,47367.4,2,-1,331.4
ECLIPSE_HOLDINGS_109,2024-04,2,40501.19,1,1,-14.5
ECLIPSE_HOLDINGS_109,2024-05,2,316804.6,2,0,682.21
ECLIPSE_HOLDINGS_109,2024-06,1,8672.42,2,-1,-97.26
ECLIPSE_HOLDINGS_129,2024-02,3,1452265.27,,,
ECLIPSE_HOLDINGS_129,2024-03,2,84014.6,3,-1,-94.21
ECLIPSE_HOLDINGS_129,2024-04,3,41699.07,2,1,-50.37
ECLIPSE_HOLDINGS_129,2024-05,2,370202.84,3,-1,787.8
ECLIPSE_HOLDINGS_129,2024-06,5,323234.42,2,3,-12.69
ECLIPSE_HOLDINGS_149,2024-01,10,2048714.57,,,
ECLIPSE_HOLDINGS_149,2024-02,4,414456.3,10,-6,-79.77
ECLIPSE_HOLDINGS_149,2024-03,2,42871.82,4,-2,-89.66
ECLIPSE_HOLDINGS_149,2024-04,2,53922.35,2,0,25.78
ECLIPSE_HOLDINGS_149,2024-05,3,252835.23,2,1,368.89
ECLIPSE_HOLDINGS_149,2024-06,2,13135.04,3,-1,-94.8
ECLIPSE_HOLDINGS_149,2024-07,1,47572.0,2,-1,262.18
ECLIPSE_HOLDINGS_169,2024-01,4,184610.91,,,
ECLIPSE_HOLDINGS_169,2024-02,13,313952.84,4,9,70.06
ECLIPSE_HOLDINGS_169,2024-03,6,2991119.68,13,-7,852.73
ECLIPSE_HOLDINGS_169,2024-04,3,850079.64,6,-3,-71.58
ECLIPSE_HOLDINGS_169,2024-05,7,193090.39,3,4,-77.29
ECLIPSE_HOLDINGS_169,2024-06,1,2456.29,7,-6,-98.73
ECLIPSE_HOLDINGS_189,2024-01,1,728.32,,,
ECLIPSE_HOLDINGS_189,2024-02,4,96805.15,1,3,13191.57
ECLIPSE_HOLDINGS_189,2024-03,1,17880.09,4,-3,-81.53
ECLIPSE_HOLDINGS_189,2024-04,2,17168.78,1,1,-3.98
ECLIPSE_HOLDINGS_189,2024-05,5,504180.82,2,3,2836.61
ECLIPSE_HOLDINGS_189,2024-06,4,57580.29,5,-1,-88.58
ECLIPSE_HOLDINGS_189,2024-07,1,1517.36,4,-3,-97.36
HELIX_PAYMENTS_005,2024-01,3,345409.27,,,
HELIX_PAYMENTS_005,2024-02,18,596600.58,3,15,72.72
HELIX_PAYMENTS_005,2024-03,2,25984.91,18,-16,-95.64
HELIX_PAYMENTS_005,2024-04,3,743004.62,2,1,2759.37
HELIX_PAYMENTS_005,2024-05,1,9019.1,3,-2,-98.79
HELIX_PAYMENTS_005,2024-06,6,395735.95,1,5,4287.75
HELIX_PAYMENTS_025,2024-01,1,60966.16,,,
HELIX_PAYMENTS_025,2024-02,4,213939.47,1,3,250.92
HELIX_PAYMENTS_025,2024-03,5,328387.97,4,1,53.5
HELIX_PAYMENTS_025,2024-04,5,74908.29,5,0,-77.19
HELIX_PAYMENTS_025,2024-05,1,22830.17,5,-4,-69.52
HELIX_PAYMENTS_025,2024-06,4,301214.84,1,3,1219.37
HELIX_PAYMENTS_025,2024-07,1,192096.71,4,-3,-36.23
HELIX_PAYMENTS_045,2024-01,6,1902006.14,,,
HELIX_PAYMENTS_045,2024-02,2,236592.86,6,-4,-87.56
HELIX_PAYMENTS_045,2024-03,2,36493.84,2,0,-84.58
HELIX_PAYMENTS_045,2024-04,7,249948.51,2,5,584.91
HELIX_PAYMENTS_045,2024-05,1,1803.1,7,-6,-99.28
HELIX_PAYMENTS_045,2024-06,12,113536.95,1,11,6196.76
HELIX_PAYMENTS_045,2024-07,1,1605.43,12,-11,-98.59
HELIX_PAYMENTS_065,2024-01,4,31839.72,,,
HELIX_PAYMENTS_065,2024-02,3,763062.5,4,-1,2296.57
HELIX_PAYMENTS_065,2024-03,25,441021.25,3,22,-42.2
HELIX_PAYMENTS_065,2024-04,9,328949.87,25,-16,-25.41
HELIX_PAYMENTS_065,2024-05,3,223698.28,9,-6,-32.0
HELIX_PAYMENTS_065,2024-06,2,8166.56,3,-1,-96.35
HELIX_PAYMENTS_065,2024-07,1,35123.57,2,-1,330.09
HELIX_PAYMENTS_085,2024-01,9,74509.51,,,
HELIX_PAYMENTS_085,2024-02,4,294292.22,9,-5,294.97
HELIX_PAYMENTS_085,2024-03,1,329.02,4,-3,-99.89
HELIX_PAYMENTS_085,2024-04,4,1067043.96,1,3,324209.76
HELIX_PAYMENTS_085,2024-05,21,851970.53,4,17,-20.16
HELIX_PAYMENTS_085,2024-06,1,1018350.7,21,-20,19.53
HELIX_PAYMENTS_105,2024-01,9,182385.3,,,
HELIX_PAYMENTS_105,2024-02,1,183850.22,9,-8,0.8
HELIX_PAYMENTS_105,2024-03,3,41438.74,1,2,-77.46
HELIX_PAYMENTS_105,2024-04,2,337018.85,3,-1,713.29
HELIX_PAYMENTS_105,2024-06,1,241095.25,2,-1,-28.46
HELIX_PAYMENTS_105,2024-07,1,10622.59,1,0,-95.59
HELIX_PAYMENTS_125,2024-02,2,80109.12,,,
HELIX_PAYMENTS_125,2024-03,3,161004.58,2,1,100.98
HELIX_PAYMENTS_125,2024-04,3,159437.23,3,0,-0.97
HELIX_PAYMENTS_125,2024-05,3,485086.98,3,0,204.25
HELIX_PAYMENTS_125,2024-06,3,202991.19,3,0,-58.15
HELIX_PAYMENTS_125,2024-07,1,32318.97,3,-2,-84.08
HELIX_PAYMENTS_145,2024-01,2,415852.12,,,
HELIX_PAYMENTS_145,2024-02,6,159740.97,2,4,-61.59
HELIX_PAYMENTS_145,2024-03,1,435861.85,6,-5,172.86
HELIX_PAYMENTS_145,2024-04,21,254448.59,1,20,-41.62
HELIX_PAYMENTS_145,2024-05,6,259077.28,21,-15,1.82
HELIX_PAYMENTS_145,2024-06,1,2294.63,6,-5,-99.11
HELIX_PAYMENTS_145,2024-07,2,15940.24,1,1,594.68
HELIX_PAYMENTS_165,2024-01,2,533659.51,,,
HELIX_PAYMENTS_165,2024-02,2,545473.52,2,0,2.21
HELIX_PAYMENTS_165,2024-03,1,265933.7,2,-1,-51.25
HELIX_PAYMENTS_165,2024-04,8,1823397.29,1,7,585.66
HELIX_PAYMENTS_165,2024-05,2,14534.82,8,-6,-99.2
HELIX_PAYMENTS_165,2024-06,1,1525.0,2,-1,-89.51
HELIX_PAYMENTS_165,2024-07,1,36614.04,1,0,2300.92
HELIX_PAYMENTS_185,2024-01,1,6724.34,,,
HELIX_PAYMENTS_185,2024-02,3,780414.78,1,2,11505.82
HELIX_PAYMENTS_185,2024-03,4,54821.32,3,1,-92.98
HELIX_PAYMENTS_185,2024-04,5,42591.91,4,1,-22.31
HELIX_PAYMENTS_185,2024-05,1,53213.89,5,-4,24.94
HELIX_PAYMENTS_185,2024-06,8,1363401.79,1,7,2462.12
MERIDIAN_CAPITAL_000,2024-01,22,610280.87,,,
MERIDIAN_CAPITAL_000,2024-02,9,334061.96,22,-13,-45.26
MERIDIAN_CAPITAL_000,2024-03,2,7792.33,9,-7,-97.67
MERIDIAN_CAPITAL_000,2024-04,1,13610.27,2,-1,74.66
MERIDIAN_CAPITAL_000,2024-05,13,1066058.78,1,12,7732.75
MERIDIAN_CAPITAL_000,2024-06,3,278896.68,13,-10,-73.84
MERIDIAN_CAPITAL_000,2024-07,2,22484.47,3,-1,-91.94
MERIDIAN_CAPITAL_020,2024-01,3,38873.28,,,
MERIDIAN_CAPITAL_020,2024-02,1,33538.5,3,-2,-13.72
MERIDIAN_CAPITAL_020,2024-03,1,3055.33,1,0,-90.89
MERIDIAN_CAPITAL_020,2024-04,13,149704.9,1,12,4799.79
MERIDIAN_CAPITAL_020,2024-05,5,517245.07,13,-8,245.51
MERIDIAN_CAPITAL_020,2024-06,1,57908.39,5,-4,-88.8
MERIDIAN_CAPITAL_020,2024-07,1,1622.64,1,0,-97.2
MERIDIAN_CAPITAL_040,2024-01,6,569258.81,,,
MERIDIAN_CAPITAL_040,2024-02,2,672714.62,6,-4,18.17
MERIDIAN_CAPITAL_040,2024-03,9,99957.02,2,7,-85.14
MERIDIAN_CAPITAL_040,2024-04,5,422042.38,9,-4,322.22
MERIDIAN_CAPITAL_040,2024-05,1,968.29,5,-4,-99.77
MERIDIAN_CAPITAL_040,2024-06,3,220108.74,1,2,22631.7
MERIDIAN_CAPITAL_060,2024-01,2,32376.99,,,
MERIDIAN_CAPITAL_060,2024-02,16,151012.44,2,14,366.42
MERIDIAN_CAPITAL_060,2024-03,4,205382.74,16,-12,36.0
MERIDIAN_CAPITAL_060,2024-04,10,124517.95,4,6,-39.37
MERIDIAN_CAPITAL_060,2024-05,4,71069.51,10,-6,-42.92
MERIDIAN_CAPITAL_060,2024-06,3,906997.15,4,-1,1176.21
MERIDIAN_CAPITAL_060,2024-07,1,333570.99,3,-2,-63.22
MERIDIAN_CAPITAL_080,2024-01,3,170609.11,,,
MERIDIAN_CAPITAL_080,2024-02,4,535577.93,3,1,213.92
MERIDIAN_CAPITAL_080,2024-03,3,85049.42,4,-1,-84.12
MERIDIAN_CAPITAL_080,2024-04,3,112997.2,3,0,32.86
MERIDIAN_CAPITAL_080,2024-05,2,212916.16,3,-1,88.43
MERIDIAN_CAPITAL_080,2024-06,3,13361.91,2,1,-93.72
MERIDIAN_CAPITAL_100,2024-01,11,321801.33,,,
MERIDIAN_CAPITAL_100,2024-02,21,115371.02,11,10,-64.15
MERIDIAN_CAPITAL_100,2024-03,24,518991.52,21,3,349.85
MERIDIAN_CAPITAL_100,2024-04,3,144085.67,24,-21,-72.24
MERIDIAN_CAPITAL_100,2024-05,2,175724.01,3,-1,21.96
MERIDIAN_CAPITAL_120,2024-01,2,92988.41,,,
MERIDIAN_CAPITAL_120,2024-02,1,10094.34,2,-1,-89.14
MERIDIAN_CAPITAL_120,2024-03,2,2809.77,1,1,-72.16
MERIDIAN_CAPITAL_120,2024-04,4,373345.8,2,2,13187.41
MERIDIAN_CAPITAL_120,2024-06,2,392104.64,4,-2,5.02
MERIDIAN_CAPITAL_120,2024-07,3,503204.64,2,1,28.33
MERIDIAN_CAPITAL_140,2024-01,2,9228.97,,,
MERIDIAN_CAPITAL_140,2024-02,1,2346.23,2,-1,-74.58
MERIDIAN_CAPITAL_140,2024-03,2,92168.59,1,1,3828.37
MERIDIAN_CAPITAL_140,2024-04,3,98116.58,2,1,6.45
MERIDIAN_CAPITAL_140,2024-05,5,545503.54,3,2,455.97
MERIDIAN_CAPITAL_140,2024-06,3,37139.02,5,-2,-93.19
MERIDIAN_CAPITAL_160,2024-01,4,351157.36,,,
MERIDIAN_CAPITAL_160,2024-02,3,69081.99,4,-1,-80.33
MERIDIAN_CAPITAL_160,2024-03,1,64455.12,3,-2,-6.7
MERIDIAN_CAPITAL_160,2024-04,8,73438.05,1,7,13.94
MERIDIAN_CAPITAL_160,2024-05,5,108208.33,8,-3,47.35
MERIDIAN_CAPITAL_160,2024-06,3,5649.46,5,-2,-94.78
MERIDIAN_CAPITAL_180,2024-01,3,436329.16,,,
MERIDIAN_CAPITAL_180,2024-02,5,713639.42,3,2,63.56
MERIDIAN_CAPITAL_180,2024-04,2,7642.38,5,-3,-98.93
MERIDIAN_CAPITAL_180,2024-06,5,452832.98,2,3,5825.29
MERIDIAN_CAPITAL_180,2024-07,1,7042.18,5,-4,-98.44
NEXUS_TRUST_011,2024-01,6,498379.19,,,
NEXUS_TRUST_011,2024-03,1,65492.86,6,-5,-86.86
NEXUS_TRUST_011,2024-04,1,15083.52,1,0,-76.97
NEXUS_TRUST_011,2024-05,1,28142.5,1,0,86.58
NEXUS_TRUST_011,2024-06,5,456726.85,1,4,1522.91
NEXUS_TRUST_031,2024-01,2,368950.01,,,
NEXUS_TRUST_031,2024-02,4,173551.09,2,2,-52.96
NEXUS_TRUST_031,2024-03,2,8619894.94,4,-2,4866.78
NEXUS_TRUST_031,2024-04,1,2776.14,2,-1,-99.97
NEXUS_TRUST_031,2024-05,4,139920.01,1,3,4940.09
NEXUS_TRUST_031,2024-06,19,684906.95,4,15,389.5
NEXUS_TRUST_051,2024-01,4,424674.12,,,
NEXUS_TRUST_051,2024-02,2,176581.43,4,-2,-58.42
NEXUS_TRUST_051,2024-03,4,769137.65,2,2,335.57
NEXUS_TRUST_051,2024-04,5,1389320.15,4,1,80.63
NEXUS_TRUST_051,2024-05,1,433099.34,5,-4,-68.83
NEXUS_TRUST_071,2024-01,4,92034.42,,,
NEXUS_TRUST_071,2024-02,6,99033.71,4,2,7.61
NEXUS_TRUST_071,2024-03,5,639580.11,6,-1,545.82
NEXUS_TRUST_071,2024-04,1,14229.74,5,-4,-97.78
NEXUS_TRUST_071,2024-05,3,59478.27,1,2,317.99
NEXUS_TRUST_071,2024-06,2,110723.02,3,-1,86.16
NEXUS_TRUST_071,2024-07,1,49557.21,2,-1,-55.24
NEXUS_TRUST_091,2024-01,1,8083.49,,,
NEXUS_TRUST_091,2024-02,14,143043.31,1,13,1669.57
NEXUS_TRUST_091,2024-03,2,236954.16,14,-12,65.65
NEXUS_TRUST_091,2024-04,6,438594.33,2,4,85.1
NEXUS_TRUST_091,2024-05,2,459086.89,6,-4,4.67
NEXUS_TRUST_091,2024-06,6,211120.63,2,4,-54.01
NEXUS_TRUST_091,2024-07,1,55057.37,6,-5,-73.92
NEXUS_TRUST_111,2024-01,7,1575268.56,,,
NEXUS_TRUST_111,2024-02,1,3479.72,7,-6,-99.78
NEXUS_TRUST_111,2024-03,3,131312.3,1,2,3673.65
NEXUS_TRUST_111,2024-04,1,2411.91,3,-2,-98.16
NEXUS_TRUST_111,2024-05,10,105283.0,1,9,4265.13
NEXUS_TRUST_111,2024-06,3,483835.56,10,-7,359.56
NEXUS_TRUST_131,2024-01,5,706233.87,,,
NEXUS_TRUST_131,2024-02,4,218849.28,5,-1,-69.01
NEXUS_TRUST_131,2024-03,2,19180.38,4,-2,-91.24
NEXUS_TRUST_131,2024-04,2,14561.27,2,0,-24.08
NEXUS_TRUST_131,2024-05,1,29863.67,2,-1,105.09
NEXUS_TRUST_131,2024-06,13,1248757.05,1,12,4081.53
NEXUS_TRUST_151,2024-01,22,162147.2,,,
NEXUS_TRUST_151,2024-02,2,428220.68,22,-20,164.09
NEXUS_TRUST_151,2024-03,11,105863.12,2,9,-75.28
NEXUS_TRUST_151,2024-04,2,83421.85,11,-9,-21.2
NEXUS_TRUST_151,2024-05,4,545476.16,2,2,553.88
NEXUS_TRUST_151,2024-06,1,5690.74,4,-3,-98.96
NEXUS_TRUST_171,2024-02,2,82429.61,,,
NEXUS_TRUST_171,2024-03,2,184399.92,2,0,123.71
NEXUS_TRUST_171,2024-04,2,19930.95,2,0,-89.19
NEXUS_TRUST_171,2024-05,3,129925.71,2,1,551.88
NEXUS_TRUST_171,2024-06,1,617.04,3,-2,-99.53
NEXUS_TRUST_191,2024-01,3,167795.25,,,
NEXUS_TRUST_191,2024-02,2,8297.38,3,-1,-95.06
NEXUS_TRUST_191,2024-03,4,146973.2,2,2,1671.32
NEXUS_TRUST_191,2024-04,2,93878.03,4,-2,-36.13
NEXUS_TRUST_191,2024-05,1,127359.97,2,-1,35.67
NEXUS_TRUST_191,2024-06,7,118190.81,1,6,-7.2
NEXUS_TRUST_191,2024-07,5,187608.52,7,-2,58.73
NOVA_TRUST_001,2024-01,6,1565942.12,,,
NOVA_TRUST_001,2024-02,5,696877.65,6,-1,-55.5
NOVA_TRUST_001,2024-03,1,9174.38,5,-4,-98.68
NOVA_TRUST_001,2024-04,1,2274.7,1,0,-75.21
NOVA_TRUST_001,2024-05,2,388721.87,1,1,16988.93
NOVA_TRUST_001,2024-06,2,230355.41,2,0,-40.74
NOVA_TRUST_001,2024-07,2,68958.88,2,0,-70.06
NOVA_TRUST_021,2024-01,8,250683.31,,,
NOVA_TRUST_021,2024-02,9,444581.57,8,1,77.35
NOVA_TRUST_021,2024-03,3,254565.02,9,-6,-42.74
NOVA_TRUST_021,2024-04,4,100732.63,3,1,-60.43
NOVA_TRUST_021,2024-05,2,471033.62,4,-2,367.61
NOVA_TRUST_021,2024-06,3,17760.04,2,1,-96.23
NOVA_TRUST_041,2024-01,1,61492.94,,,
NOVA_TRUST_041,2024-04,1,3945.61,1,0,-93.58
NOVA_TRUST_041,2024-05,6,466861.79,1,5,11732.44
NOVA_TRUST_041,2024-06,2,12332.14,6,-4,-97.36
NOVA_TRUST_061,2024-01,2,521962.32,,,
NOVA_TRUST_061,2024-02,6,138318.92,2,4,-73.5
NOVA_TRUST_061,2024-03,7,2977036.18,6,1,2052.3
NOVA_TRUST_061,2024-04,1,13406.47,7,-6,-99.55
NOVA_TRUST_061,2024-05,1,34218.99,1,0,155.24
NOVA_TRUST_061,2024-06,3,27851.62,1,2,-18.61
NOVA_TRUST_081,2024-01,2,119532.21,,,
NOVA_TRUST_081,2024-02,9,198399.3,2,7,65.98
NOVA_TRUST_081,2024-03,1,19535.47,9,-8,-90.15
NOVA_TRUST_081,2024-05,1,791.12,1,0,-95.95
NOVA_TRUST_081,2024-06,2,376110.72,1,1,47441.55
NOVA_TRUST_081,2024-07,1,2854.29,2,-1,-99.24
NOVA_TRUST_101,2024-01,5,274372.9,,,
NOVA_TRUST_101,2024-02,1,329281.0,5,-4,20.01
NOVA_TRUST_101,2024-03,3,551104.25,1,2,67.37
NOVA_TRUST_101,2024-04,3,301476.72,3,0,-45.3
NOVA_TRUST_101,2024-05,6,691191.04,3,3,129.27
NOVA_TRUST_101,2024-06,3,106445.23,6,-3,-84.6
NOVA_TRUST_101,2024-07,1,8351.14,3,-2,-92.15
NOVA_TRUST_121,2024-01,4,168960.13,,,
NOVA_TRUST_121,2024-02,9,802550.47,4,5,374.99
NOVA_TRUST_121,2024-03,4,1923800.03,9,-5,139.71
NOVA_TRUST_121,2024-04,11,461445.6,4,7,-76.01
NOVA_TRUST_121,2024-05,4,143893.19,11,-7,-68.82
NOVA_TRUST_121,2024-06,3,1293247.97,4,-1,798.76
NOVA_TRUST_141,2024-01,6,129122.74,,,
NOVA_TRUST_141,2024-02,3,23216.51,6,-3,-82.02
NOVA_TRUST_141,2024-03,4,1501560.07,3,1,6367.64
NOVA_TRUST_141,2024-04,2,170744.33,4,-2,-88.63
NOVA_TRUST_141,2024-05,3,689385.33,2,1,303.75
NOVA_TRUST_141,2024-06,3,1247752.04,3,0,80.99
NOVA_TRUST_161,2024-01,4,546614.43,,,
NOVA_TRUST_161,2024-02,1,33483.6,4,-3,-93.87
NOVA_TRUST_161,2024-03,4,498006.64,1,3,1387.32
NOVA_TRUST_161,2024-05,2,11626.62,4,-2,-97.67
NOVA_TRUST_161,2024-06,7,326721.03,2,5,2710.11
NOVA_TRUST_161,2024-07,2,13425.29,7,-5,-95.89
NOVA_TRUST_181,2024-01,9,93406.19,,,
NOVA_TRUST_181,2024-02,4,221460.48,9,-5,137.09
NOVA_TRUST_181,2024-03,10,357302.1,4,6,61.34
NOVA_TRUST_181,2024-04,7,357446.48,10,-3,0.04
NOVA_TRUST_181,2024-05,5,1059236.82,7,-2,196.33
NOVA_TRUST_181,2024-06,7,58734.82,5,2,-94.45
OBSIDIAN_PARTNERS_008,2024-01,13,398686.59,,,
OBSIDIAN_PARTNERS_008,2024-02,4,608686.56,13,-9,52.67
OBSIDIAN_PARTNERS_008,2024-03,3,901216.55,4,-1,48.06
OBSIDIAN_PARTNERS_008,2024-04,6,406438.08,3,3,-54.9
OBSIDIAN_PARTNERS_008,2024-05,10,74583.94,6,4,-81.65
OBSIDIAN_PARTNERS_008,2024-06,7,886544.56,10,-3,1088.65
OBSIDIAN_PARTNERS_008,2024-07,1,6966.68,7,-6,-99.21
OBSIDIAN_PARTNERS_028,2024-01,1,3260.44,,,
OBSIDIAN_PARTNERS_028,2024-02,1,33594.31,1,0,930.36
OBSIDIAN_PARTNERS_028,2024-03,5,196637.42,1,4,485.33
OBSIDIAN_PARTNERS_028,2024-04,2,419451.81,5,-3,113.31
OBSIDIAN_PARTNERS_028,2024-05,9,392027.07,2,7,-6.54
OBSIDIAN_PARTNERS_028,2024-06,4,800249.56,9,-5,104.13
OBSIDIAN_PARTNERS_028,2024-07,1,4890.83,4,-3,-99.39
OBSIDIAN_PARTNERS_048,2024-01,7,523817.19,,,
OBSIDIAN_PARTNERS_048,2024-02,2,1762.95,7,-5,-99.66
OBSIDIAN_PARTNERS_048,2024-03,4,428296.29,2,2,24194.3
OBSIDIAN_PARTNERS_048,2024-04,1,747.95,4,-3,-99.83
OBSIDIAN_PARTNERS_048,2024-05,4,170217.9,1,3,22657.92
OBSIDIAN_PARTNERS_048,2024-06,7,159433.32,4,3,-6.34
OBSIDIAN_PARTNERS_048,2024-07,1,15528.09,7,-6,-90.26
OBSIDIAN_PARTNERS_068,2024-01,1,7473.16,,,
OBSIDIAN_PARTNERS_068,2024-02,3,233511.59,1,2,3024.67
OBSIDIAN_PARTNERS_068,2024-03,5,890047.7,3,2,281.16
OBSIDIAN_PARTNERS_068,2024-04,1,5292.89,5,-4,-99.41
OBSIDIAN_PARTNERS_068,2024-05,1,100279.33,1,0,1794.6
OBSIDIAN_PARTNERS_068,2024-06,4,642039.01,1,3,540.25
OBSIDIAN_PARTNERS_088,2024-01,3,18555.86,,,
OBSIDIAN_PARTNERS_088,2024-02,2,118314.04,3,-1,537.61
OBSIDIAN_PARTNERS_088,2024-03,18,147823.74,2,16,24.94
OBSIDIAN_PARTNERS_088,2024-04,2,8428.37,18,-16,-94.3
OBSIDIAN_PARTNERS_088,2024-05,1,102354.47,2,-1,1114.4
OBSIDIAN_PARTNERS_088,2024-06,7,195155.94,1,6,90.67
OBSIDIAN_PARTNERS_108,2024-01,2,60163.38,,,
OBSIDIAN_PARTNERS_108,2024-02,3,77709.82,2,1,29.16
OBSIDIAN_PARTNERS_108,2024-03,9,207607.15,3,6,167.16
OBSIDIAN_PARTNERS_108,2024-04,8,67378.01,9,-1,-67.55
OBSIDIAN_PARTNERS_108,2024-05,1,18365.39,8,-7,-72.74
OBSIDIAN_PARTNERS_108,2024-06,4,52683.98,1,3,186.87
OBSIDIAN_PARTNERS_108,2024-07,1,1594.1,4,-3,-96.97
OBSIDIAN_PARTNERS_128,2024-01,3,52582.24,,,
OBSIDIAN_PARTNERS_128,2024-03,1,4878.52,3,-2,-90.72
OBSIDIAN_PARTNERS_128,2024-04,2,362.96,1,1,-92.56
OBSIDIAN_PARTNERS_128,2024-05,2,49412.59,2,0,13513.78
OBSIDIAN_PARTNERS_128,2024-06,3,594809.25,2,1,1103.76
OBSIDIAN_PARTNERS_148,2024-02,5,751086.18,,,
OBSIDIAN_PARTNERS_148,2024-03,6,79831.7,5,1,-89.37
OBSIDIAN_PARTNERS_148,2024-04,2,8847.81,6,-4,-88.92
OBSIDIAN_PARTNERS_148,2024-05,3,42476.39,2,1,380.08
OBSIDIAN_PARTNERS_148,2024-06,9,632895.97,3,6,1389.99
OBSIDIAN_PARTNERS_148,2024-07,1,1927904.52,9,-8,204.62
OBSIDIAN_PARTNERS_168,2024-01,5,462467.03,,,
OBSIDIAN_PARTNERS_168,2024-02,5,39864.95,5,0,-91.38
OBSIDIAN_PARTNERS_168,2024-03,4,309022.46,5,-1,675.17
OBSIDIAN_PARTNERS_168,2024-04,10,74031.04,4,6,-76.04
OBSIDIAN_PARTNERS_168,2024-05,2,41333.19,10,-8,-44.17
OBSIDIAN_PARTNERS_168,2024-06,2,355296.69,2,0,759.59
OBSIDIAN_PARTNERS_188,2024-01,4,20673.95,,,
OBSIDIAN_PARTNERS_188,2024-02,2,2516.26,4,-2,-87.83
OBSIDIAN_PARTNERS_188,2024-03,1,49595.94,2,-1,1871.02
OBSIDIAN_PARTNERS_188,2024-04,2,554051.87,1,1,1017.13
OBSIDIAN_PARTNERS_188,2024-05,2,2888956.07,2,0,421.42
OMEGA_FIN_013,2024-01,5,292109.85,,,
OMEGA_FIN_013,2024-02,1,788231.71,5,-4,169.84
OMEGA_FIN_013,2024-03,2,27347.87,1,1,-96.53
OMEGA_FIN_013,2024-04,1,11775.41,2,-1,-56.94
OMEGA_FIN_013,2024-05,2,474421.3,1,1,3928.92
OMEGA_FIN_013,2024-06,2,1823.13,2,0,-99.62
OMEGA_FIN_033,2024-01,4,191439.6,,,
OMEGA_FIN_033,2024-02,2,6989.99,4,-2,-96.35
OMEGA_FIN_033,2024-03,5,433973.36,2,3,6108.5
OMEGA_FIN_033,2024-04,3,28075.08,5,-2,-93.53
OMEGA_FIN_053,2024-01,6,81912.98,,,
OMEGA_FIN_053,2024-02,2,50408.42,6,-4,-38.46
OMEGA_FIN_053,2024-03,1,29988.19,2,-1,-40.51
OMEGA_FIN_053,2024-04,4,33921.2,1,3,13.12
OMEGA_FIN_053,2024-05,3,93404.07,4,-1,175.36
OMEGA_FIN_053,2024-06,14,156550.65,3,11,67.61
OMEGA_FIN_053,2024-07,1,3458.12,14,-13,-97.79
OMEGA_FIN_073,2024-01,3,6135.71,,,
OMEGA_FIN_073,2024-02,2,18865.38,3,-1,207.47
OMEGA_FIN_073,2024-03,10,73679.51,2,8,290.55
OMEGA_FIN_073,2024-04,3,375910.9,10,-7,410.2
OMEGA_FIN_073,2024-06,2,25766.91,3,-1,-93.15
OMEGA_FIN_073,2024-07,1,40017.9,2,-1,55.31
OMEGA_FIN_093,2024-01,2,18800.1,,,
OMEGA_FIN_093,2024-02,2,356203.62,2,0,1794.69
OMEGA_FIN_093,2024-03,4,1173340.98,2,2,229.4
OMEGA_FIN_093,2024-04,4,150260.5,4,0,-87.19
OMEGA_FIN_093,2024-05,3,630718.4,4,-1,319.75
OMEGA_FIN_093,2024-06,3,21301.69,3,0,-96.62
OMEGA_FIN_113,2024-01,3,452992.16,,,
OMEGA_FIN_113,2024-02,4,324219.78,3,1,-28.43
OMEGA_FIN_113,2024-03,1,154104.0,4,-3,-52.47
OMEGA_FIN_113,2024-04,2,532267.56,1,1,245.4
OMEGA_FIN_113,2024-05,4,50248.68,2,2,-90.56
OMEGA_FIN_113,2024-06,1,4105.91,4,-3,-91.83
OMEGA_FIN_113,2024-07,1,242267.33,1,0,5800.45
OMEGA_FIN_133,2024-01,6,93622.87,,,
OMEGA_FIN_133,2024-02,2,466101.61,6,-4,397.85
OMEGA_FIN_133,2024-03,3,82813.73,2,1,-82.23
OMEGA_FIN_133,2024-04,3,182226.14,3,0,120.04
OMEGA_FIN_133,2024-05,2,534218.08,3,-1,193.16
OMEGA_FIN_133,2024-06,2,108794.15,2,0,-79.63
OMEGA_FIN_153,2024-01,6,605913.52,,,
OMEGA_FIN_153,2024-02,1,4401.31,6,-5,-99.27
OMEGA_FIN_153,2024-03,4,164749.01,1,3,3643.18
OMEGA_FIN_153,2024-04,1,7751.43,4,-3,-95.3
OMEGA_FIN_153,2024-05,3,40037.92,1,2,416.52
OMEGA_FIN_153,2024-06,2,66352.19,3,-1,65.72
OMEGA_FIN_153,2024-07,1,7611.52,2,-1,-88.53
OMEGA_FIN_173,2024-01,6,347172.95,,,
OMEGA_FIN_173,2024-02,6,1193468.02,6,0,243.77
OMEGA_FIN_173,2024-03,3,608822.0,6,-3,-48.99
OMEGA_FIN_173,2024-04,1,26181.09,3,-2,-95.7
OMEGA_FIN_173,2024-05,3,820621.05,1,2,3034.4
OMEGA_FIN_173,2024-06,10,446354.67,3,7,-45.61
OMEGA_FIN_193,2024-01,7,511508.35,,,
OMEGA_FIN_193,2024-02,5,42679.91,7,-2,-91.66
OMEGA_FIN_193,2024-03,2,5567.8,5,-3,-86.95
OMEGA_FIN_193,2024-04,19,146641.78,2,17,2533.75
OMEGA_FIN_193,2024-05,5,1561695.64,19,-14,964.97
OMEGA_FIN_193,2024-06,2,40831.02,5,-3,-97.39
PRIME_HOLDINGS_019,2024-01,1,94270.94,,,
PRIME_HOLDINGS_019,2024-02,2,1552.46,1,1,-98.35
PRIME_HOLDINGS_019,2024-04,6,85296.93,2,4,5394.31
PRIME_HOLDINGS_019,2024-05,15,115148.81,6,9,35.0
PRIME_HOLDINGS_019,2024-06,2,389972.22,15,-13,238.67
PRIME_HOLDINGS_039,2024-01,4,53177.28,,,
PRIME_HOLDINGS_039,2024-02,5,95443.83,4,1,79.48
PRIME_HOLDINGS_039,2024-03,2,8295.27,5,-3,-91.31
PRIME_HOLDINGS_039,2024-04,3,41194.32,2,1,396.6
PRIME_HOLDINGS_039,2024-05,3,948189.52,3,0,2201.75
PRIME_HOLDINGS_039,2024-06,6,1430399.52,3,3,50.86
PRIME_HOLDINGS_039,2024-07,1,788.53,6,-5,-99.94
PRIME_HOLDINGS_059,2024-01,1,9168.74,,,
PRIME_HOLDINGS_059,2024-02,3,44488.15,1,2,385.22
PRIME_HOLDINGS_059,2024-03,4,464047.0,3,1,943.08
PRIME_HOLDINGS_059,2024-04,2,191702.17,4,-2,-58.69
PRIME_HOLDINGS_059,2024-05,3,123759.67,2,1,-35.44
PRIME_HOLDINGS_059,2024-06,1,8064.48,3,-2,-93.48
PRIME_HOLDINGS_079,2024-01,1,4715.15,,,
PRIME_HOLDINGS_079,2024-03,11,101953.89,1,10,2062.26
PRIME_HOLDINGS_079,2024-04,1,429209.98,11,-10,320.98
PRIME_HOLDINGS_079,2024-05,1,35203.71,1,0,-91.8
PRIME_HOLDINGS_079,2024-06,1,199510.07,1,0,466.73
PRIME_HOLDINGS_099,2024-01,13,849724.51,,,
PRIME_HOLDINGS_099,2024-02,2,79953.16,13,-11,-90.59
PRIME_HOLDINGS_099,2024-03,3,242918.38,2,1,203.83
PRIME_HOLDINGS_099,2024-04,9,200939.48,3,6,-17.28
PRIME_HOLDINGS_099,2024-05,5,502984.59,9,-4,150.32
PRIME_HOLDINGS_099,2024-06,7,524483.15,5,2,4.27
PRIME_HOLDINGS_119,2024-01,3,27166.06,,,
PRIME_HOLDINGS_119,2024-02,5,120143.17,3,2,342.25
PRIME_HOLDINGS_119,2024-03,2,14700.65,5,-3,-87.76
PRIME_HOLDINGS_119,2024-04,2,34208.48,2,0,132.7
PRIME_HOLDINGS_119,2024-05,6,360326.71,2,4,953.33
PRIME_HOLDINGS_119,2024-06,14,373692.45,6,8,3.71
PRIME_HOLDINGS_119,2024-07,1,5887.13,14,-13,-98.42
PRIME_HOLDINGS_139,2024-02,4,142592.25,,,
PRIME_HOLDINGS_139,2024-03,21,148678.59,4,17,4.27
PRIME_HOLDINGS_139,2024-04,6,175568.61,21,-15,18.09
PRIME_HOLDINGS_139,2024-05,1,30901.17,6,-5,-82.4
PRIME_HOLDINGS_139,2024-06,2,14555.6,1,1,-52.9
PRIME_HOLDINGS_159,2024-01,4,76123.29,,,
PRIME_HOLDINGS_159,2024-02,2,66648.9,4,-2,-12.45
PRIME_HOLDINGS_159,2024-03,5,463921.47,2,3,596.07
PRIME_HOLDINGS_159,2024-04,4,17859.22,5,-1,-96.15
PRIME_HOLDINGS_159,2024-05,5,538131.43,4,1,2913.19
PRIME_HOLDINGS_179,2024-01,3,860205.5,,,
PRIME_HOLDINGS_179,2024-02,4,333719.59,3,1,-61.2
PRIME_HOLDINGS_179,2024-03,3,88322.46,4,-1,-73.53
PRIME_HOLDINGS_179,2024-04,5,1011282.1,3,2,1044.99
PRIME_HOLDINGS_179,2024-05,5,1223671.37,5,0,21.0
PRIME_HOLDINGS_179,2024-06,3,730766.94,5,-2,-40.28
PRIME_HOLDINGS_179,2024-07,1,1996.86,3,-2,-99.73
PRIME_HOLDINGS_199,2024-01,20,164587.21,,,
PRIME_HOLDINGS_199,2024-02,1,5947.14,20,-19,-96.39
PRIME_HOLDINGS_199,2024-03,3,383396.91,1,2,6346.74
PRIME_HOLDINGS_199,2024-04,10,113276.63,3,7,-70.45
PRIME_HOLDINGS_199,2024-05,2,10054.71,10,-8,-91.12
PRIME_HOLDINGS_199,2024-06,3,2089823.22,2,1,20684.52
PRIME_HOLDINGS_199,2024-07,1,41719.73,3,-2,-98.0
QUANTUM_CLEARING_006,2024-01,3,32001.26,,,
QUANTUM_CLEARING_006,2024-02,3,412532.54,3,0,1189.11
QUANTUM_CLEARING_006,2024-03,4,295396.17,3,1,-28.39
QUANTUM_CLEARING_006,2024-04,4,185674.31,4,0,-37.14
QUANTUM_CLEARING_006,2024-05,3,76664.51,4,-1,-58.71
QUANTUM_CLEARING_006,2024-06,2,64939.25,3,-1,-15.29
QUANTUM_CLEARING_006,2024-07,1,462.47,2,-1,-99.29
QUANTUM_CLEARING_026,2024-01,3,129186.55,,,
QUANTUM_CLEARING_026,2024-02,1,151667.05,3,-2,17.4
QUANTUM_CLEARING_026,2024-03,4,450103.99,1,3,196.77
QUANTUM_CLEARING_026,2024-04,1,9414.26,4,-3,-97.91
QUANTUM_CLEARING_026,2024-05,1,472389.64,1,0,4917.81
QUANTUM_CLEARING_026,2024-06,5,109024.89,1,4,-76.92
QUANTUM_CLEARING_046,2024-01,2,284530.76,,,
QUANTUM_CLEARING_046,2024-02,3,298439.26,2,1,4.89
QUANTUM_CLEARING_046,2024-04,2,39946.45,3,-1,-86.61
QUANTUM_CLEARING_046,2024-05,1,65280.78,2,-1,63.42
QUANTUM_CLEARING_046,2024-06,1,80311.89,1,0,23.03
QUANTUM_CLEARING_066,2024-01,2,22587.89,,,
QUANTUM_CLEARING_066,2024-02,2,122475.05,2,0,442.22
QUANTUM_CLEARING_066,2024-03,2,377991.7,2,0,208.63
QUANTUM_CLEARING_066,2024-05,4,61060.16,2,2,-83.85
QUANTUM_CLEARING_066,2024-06,4,505093.95,4,0,727.21
QUANTUM_CLEARING_086,2024-01,2,45204.88,,,
QUANTUM_CLEARING_086,2024-02,13,267275.79,2,11,491.25
QUANTUM_CLEARING_086,2024-03,13,192079.5,13,0,-28.13
QUANTUM_CLEARING_086,2024-05,2,23598.21,13,-11,-87.71
QUANTUM_CLEARING_086,2024-06,1,19826.54,2,-1,-15.98
QUANTUM_CLEARING_106,2024-01,3,33059.41,,,
QUANTUM_CLEARING_106,2024-02,2,34307.47,3,-1,3.78
QUANTUM_CLEARING_106,2024-03,3,25855.57,2,1,-24.64
QUANTUM_CLEARING_106,2024-04,11,86630.56,3,8,235.06
QUANTUM_CLEARING_106,2024-05,1,2568.8,11,-10,-97.03
QUANTUM_CLEARING_126,2024-01,2,329019.92,,,
QUANTUM_CLEARING_126,2024-02,5,1220872.48,2,3,271.06
QUANTUM_CLEARING_126,2024-03,5,1798831.63,5,0,47.34
QUANTUM_CLEARING_126,2024-04,3,192646.22,5,-2,-89.29
QUANTUM_CLEARING_126,2024-05,3,770033.17,3,0,299.71
QUANTUM_CLEARING_126,2024-06,3,171937.24,3,0,-77.67
QUANTUM_CLEARING_126,2024-07,1,329050.22,3,-2,91.38
QUANTUM_CLEARING_146,2024-01,3,375151.03,,,
QUANTUM_CLEARING_146,2024-02,1,40983.12,3,-2,-89.08
QUANTUM_CLEARING_146,2024-03,1,104345.16,1,0,154.61
QUANTUM_CLEARING_146,2024-04,3,383227.68,1,2,267.27
QUANTUM_CLEARING_146,2024-06,4,221514.16,3,1,-42.2
QUANTUM_CLEARING_146,2024-07,6,377027.01,4,2,70.2
QUANTUM_CLEARING_166,2024-01,15,177423.78,,,
QUANTUM_CLEARING_166,2024-02,1,49548.65,15,-14,-72.07
QUANTUM_CLEARING_166,2024-03,9,628700.77,1,8,1168.86
QUANTUM_CLEARING_166,2024-04,10,74191.62,9,1,-88.2
QUANTUM_CLEARING_166,2024-05,21,437406.45,10,11,489.56
QUANTUM_CLEARING_186,2024-01,4,878769.84,,,
QUANTUM_CLEARING_186,2024-02,4,834137.11,4,0,-5.08
QUANTUM_CLEARING_186,2024-03,1,439.27,4,-3,-99.95
QUANTUM_CLEARING_186,2024-04,3,1459742.76,1,2,332211.05
QUANTUM_CLEARING_186,2024-05,5,45746.85,3,2,-96.87
QUANTUM_CLEARING_186,2024-06,5,7395352.2,5,0,16065.82
QUANTUM_CLEARING_186,2024-07,1,84279.41,5,-4,-98.86
SOLARIS_FIN_003,2024-01,2,594807.54,,,
SOLARIS_FIN_003,2024-02,2,56108.36,2,0,-90.57
SOLARIS_FIN_003,2024-03,2,471810.48,2,0,740.89
SOLARIS_FIN_003,2024-04,2,30853.08,2,0,-93.46
SOLARIS_FIN_003,2024-05,2,74721.66,2,0,142.19
SOLARIS_FIN_003,2024-06,6,2771303.6,2,4,3608.84
SOLARIS_FIN_023,2024-02,8,818264.41,,,
SOLARIS_FIN_023,2024-03,3,20198.06,8,-5,-97.53
SOLARIS_FIN_023,2024-04,2,1783.2,3,-1,-91.17
SOLARIS_FIN_023,2024-05,4,362580.69,2,2,20233.15
SOLARIS_FIN_023,2024-06,3,484814.15,4,-1,33.71
SOLARIS_FIN_043,2024-01,4,410616.43,,,
SOLARIS_FIN_043,2024-02,3,118067.49,4,-1,-71.25
SOLARIS_FIN_043,2024-03,8,70120.41,3,5,-40.61
SOLARIS_FIN_043,2024-04,4,220748.98,8,-4,214.81
SOLARIS_FIN_043,2024-05,1,514603.66,4,-3,133.12
SOLARIS_FIN_043,2024-06,1,18762.77,1,0,-96.35
SOLARIS_FIN_063,2024-01,1,294158.5,,,
SOLARIS_FIN_063,2024-02,4,865754.33,1,3,194.32
SOLARIS_FIN_063,2024-03,2,9499.14,4,-2,-98.9
SOLARIS_FIN_063,2024-04,9,203753.53,2,7,2044.97
SOLARIS_FIN_063,2024-06,3,9354.57,9,-6,-95.41
SOLARIS_FIN_083,2024-02,10,68782.53,,,
SOLARIS_FIN_083,2024-03,4,456516.2,10,-6,563.71
SOLARIS_FIN_083,2024-04,3,541986.78,4,-1,18.72
SOLARIS_FIN_083,2024-05,2,501198.32,3,-1,-7.53
SOLARIS_FIN_083,2024-07,2,320580.97,2,0,-36.04
SOLARIS_FIN_103,2024-01,3,124268.75,,,
SOLARIS_FIN_103,2024-02,1,16784.9,3,-2,-86.49
SOLARIS_FIN_103,2024-03,4,140715.39,1,3,738.35
SOLARIS_FIN_103,2024-04,2,712268.48,4,-2,406.18
SOLARIS_FIN_103,2024-05,5,131153.08,2,3,-81.59
SOLARIS_FIN_103,2024-06,4,753864.27,5,-1,474.8
SOLARIS_FIN_123,2024-01,4,546413.63,,,
SOLARIS_FIN_123,2024-02,2,59606.77,4,-2,-89.09
SOLARIS_FIN_123,2024-03,1,47274.44,2,-1,-20.69
SOLARIS_FIN_123,2024-04,1,4642.25,1,0,-90.18
SOLARIS_FIN_123,2024-05,4,24975.86,1,3,438.01
SOLARIS_FIN_123,2024-06,7,109067.45,4,3,336.69
SOLARIS_FIN_143,2024-01,3,378226.68,,,
SOLARIS_FIN_143,2024-02,8,791395.05,3,5,109.24
SOLARIS_FIN_143,2024-03,7,1825566.72,8,-1,130.68
SOLARIS_FIN_143,2024-04,1,1703.13,7,-6,-99.91
SOLARIS_FIN_143,2024-05,3,544412.18,1,2,31865.39
SOLARIS_FIN_143,2024-06,3,53271.61,3,0,-90.21
SOLARIS_FIN_163,2024-01,2,879778.07,,,
SOLARIS_FIN_163,2024-02,17,122277.44,2,15,-86.1
SOLARIS_FIN_163,2024-03,7,631909.4,17,-10,416.78
SOLARIS_FIN_163,2024-04,3,33498.54,7,-4,-94.7
SOLARIS_FIN_163,2024-05,1,123801.06,3,-2,269.57
SOLARIS_FIN_163,2024-06,4,165615.09,1,3,33.78
SOLARIS_FIN_183,2024-01,3,3504413.42,,,
SOLARIS_FIN_183,2024-02,6,472207.87,3,3,-86.53
SOLARIS_FIN_183,2024-03,5,199411.2,6,-1,-57.77
SOLARIS_FIN_183,2024-04,1,56602.34,5,-4,-71.62
SOLARIS_FIN_183,2024-06,4,539781.07,1,3,853.64
STRATUS_FUND_017,2024-01,8,870864.61,,,
STRATUS_FUND_017,2024-02,3,25297.67,8,-5,-97.1
STRATUS_FUND_017,2024-04,2,217050.41,3,-1,757.99
STRATUS_FUND_017,2024-05,4,44450.03,2,2,-79.52
STRATUS_FUND_017,2024-06,7,1006161.45,4,3,2163.58
STRATUS_FUND_037,2024-01,1,22668.46,,,
STRATUS_FUND_037,2024-02,1,2572.43,1,0,-88.65
STRATUS_FUND_037,2024-03,3,61148.58,1,2,2277.07
STRATUS_FUND_037,2024-04,2,5189.86,3,-1,-91.51
STRATUS_FUND_037,2024-05,2,44924.66,2,0,765.62
STRATUS_FUND_037,2024-06,4,167927.87,2,2,273.8
STRATUS_FUND_037,2024-07,1,87851.62,4,-3,-47.68
STRATUS_FUND_057,2024-01,9,74841.89,,,
STRATUS_FUND_057,2024-02,3,537803.74,9,-6,618.59
STRATUS_FUND_057,2024-03,1,8292.8,3,-2,-98.46
STRATUS_FUND_057,2024-04,9,359890.8,1,8,4239.8
STRATUS_FUND_057,2024-05,2,4881.86,9,-7,-98.64
STRATUS_FUND_057,2024-06,2,575262.41,2,0,11683.67
STRATUS_FUND_077,2024-01,1,705.97,,,
STRATUS_FUND_077,2024-02,3,699174.9,1,2,98937.48
STRATUS_FUND_077,2024-03,2,73034.07,3,-1,-89.55
STRATUS_FUND_077,2024-05,2,53355.07,2,0,-26.94
STRATUS_FUND_077,2024-06,2,50646.64,2,0,-5.08
STRATUS_FUND_097,2024-01,5,1003971.38,,,
STRATUS_FUND_097,2024-02,2,18048.93,5,-3,-98.2
STRATUS_FUND_097,2024-03,2,9602.84,2,0,-46.8
STRATUS_FUND_097,2024-04,4,91330.45,2,2,851.08
STRATUS_FUND_097,2024-05,2,80874.18,4,-2,-11.45
STRATUS_FUND_097,2024-06,2,180071.1,2,0,122.66
STRATUS_FUND_117,2024-02,2,40491.1,,,
STRATUS_FUND_117,2024-03,2,101058.88,2,0,149.58
STRATUS_FUND_117,2024-04,1,3794.28,2,-1,-96.25
STRATUS_FUND_117,2024-05,6,588736.0,1,5,15416.41
STRATUS_FUND_117,2024-06,3,902795.4,6,-3,53.34
STRATUS_FUND_117,2024-07,7,54245.97,3,4,-93.99
STRATUS_FUND_137,2024-01,6,651929.1,,,
STRATUS_FUND_137,2024-02,3,752482.17,6,-3,15.42
STRATUS_FUND_137,2024-03,9,119892.5,3,6,-84.07
STRATUS_FUND_137,2024-04,2,134216.51,9,-7,11.95
STRATUS_FUND_137,2024-05,5,247093.53,2,3,84.1
STRATUS_FUND_137,2024-06,1,37320.2,5,-4,-84.9
STRATUS_FUND_137,2024-07,2,14182.7,1,1,-62.0
STRATUS_FUND_157,2024-01,5,1039929.76,,,
STRATUS_FUND_157,2024-02,13,429017.3,5,8,-58.75
STRATUS_FUND_157,2024-03,4,455788.92,13,-9,6.24
STRATUS_FUND_157,2024-04,1,8841.88,4,-3,-98.06
STRATUS_FUND_157,2024-05,3,644059.08,1,2,7184.19
STRATUS_FUND_157,2024-06,1,12399.45,3,-2,-98.07
STRATUS_FUND_157,2024-07,1,66593.73,1,0,437.07
STRATUS_FUND_177,2024-01,2,5870.97,,,
STRATUS_FUND_177,2024-02,3,161590.78,2,1,2652.37
STRATUS_FUND_177,2024-03,5,1773573.72,3,2,997.57
STRATUS_FUND_177,2024-04,20,164478.01,5,15,-90.73
STRATUS_FUND_177,2024-05,3,354376.04,20,-17,115.45
STRATUS_FUND_177,2024-06,2,39030.17,3,-1,-88.99
STRATUS_FUND_177,2024-07,1,143634.01,2,-1,268.01
STRATUS_FUND_197,2024-01,3,180214.46,,,
STRATUS_FUND_197,2024-02,2,85796.64,3,-1,-52.39
STRATUS_FUND_197,2024-03,2,18707.01,2,0,-78.2
STRATUS_FUND_197,2024-04,2,21947.53,2,0,17.32
STRATUS_FUND_197,2024-05,2,75359.04,2,0,243.36
STRATUS_FUND_197,2024-06,10,562815.25,2,8,646.85
STRATUS_FUND_197,2024-07,1,22857.69,10,-9,-95.94
VERTEX_PAYMENTS_015,2024-01,5,381033.84,,,
VERTEX_PAYMENTS_015,2024-02,1,30945.83,5,-4,-91.88
VERTEX_PAYMENTS_015,2024-03,1,1713.61,1,0,-94.46
VERTEX_PAYMENTS_015,2024-04,2,29896.51,1,1,1644.65
VERTEX_PAYMENTS_015,2024-05,2,71835.26,2,0,140.28
VERTEX_PAYMENTS_015,2024-06,1,298947.23,2,-1,316.16
VERTEX_PAYMENTS_015,2024-07,2,56126.14,1,1,-81.23
VERTEX_PAYMENTS_035,2024-01,4,33812.11,,,
VERTEX_PAYMENTS_035,2024-02,1,83.69,4,-3,-99.75
VERTEX_PAYMENTS_035,2024-03,4,447421.31,1,3,534517.41
VERTEX_PAYMENTS_035,2024-04,4,582793.18,4,0,30.26
VERTEX_PAYMENTS_035,2024-05,8,439127.75,4,4,-24.65
VERTEX_PAYMENTS_035,2024-06,1,35982.54,8,-7,-91.81
VERTEX_PAYMENTS_035,2024-07,1,59896.28,1,0,66.46
VERTEX_PAYMENTS_055,2024-01,11,330233.58,,,
VERTEX_PAYMENTS_055,2024-03,1,343.83,11,-10,-99.9
VERTEX_PAYMENTS_055,2024-04,2,10757.31,1,1,3028.67
VERTEX_PAYMENTS_055,2024-05,2,450380.67,2,0,4086.74
VERTEX_PAYMENTS_055,2024-06,5,81096.27,2,3,-81.99
VERTEX_PAYMENTS_055,2024-07,2,138259.95,5,-3,70.49
VERTEX_PAYMENTS_075,2024-01,11,162123.06,,,
VERTEX_PAYMENTS_075,2024-02,12,499987.74,11,1,208.4
VERTEX_PAYMENTS_075,2024-03,2,22979.0,12,-10,-95.4
VERTEX_PAYMENTS_075,2024-04,3,893396.84,2,1,3787.88
VERTEX_PAYMENTS_075,2024-05,3,445516.75,3,0,-50.13
VERTEX_PAYMENTS_075,2024-06,2,254545.83,3,-1,-42.87
VERTEX_PAYMENTS_095,2024-01,4,36274.08,,,
VERTEX_PAYMENTS_095,2024-02,2,15816.24,4,-2,-56.4
VERTEX_PAYMENTS_095,2024-03,2,460312.14,2,0,2810.38
VERTEX_PAYMENTS_095,2024-04,1,16102.53,2,-1,-96.5
VERTEX_PAYMENTS_095,2024-05,4,171820.92,1,3,967.04
VERTEX_PAYMENTS_095,2024-06,4,160032.65,4,0,-6.86
VERTEX_PAYMENTS_095,2024-07,1,45223.54,4,-3,-71.74
VERTEX_PAYMENTS_115,2024-01,2,7233.12,,,
VERTEX_PAYMENTS_115,2024-02,3,673331.92,2,1,9209.01
VERTEX_PAYMENTS_115,2024-03,2,12319.06,3,-1,-98.17
VERTEX_PAYMENTS_115,2024-04,3,440603.43,2,1,3476.6
VERTEX_PAYMENTS_115,2024-05,1,131039.5,3,-2,-70.26
VERTEX_PAYMENTS_115,2024-06,2,24885.86,1,1,-81.01
VERTEX_PAYMENTS_115,2024-07,1,3591325.89,2,-1,14331.19
VERTEX_PAYMENTS_135,2024-01,1,12480.82,,,
VERTEX_PAYMENTS_135,2024-02,6,883176.84,1,5,6976.27
VERTEX_PAYMENTS_135,2024-03,3,159408.0,6,-3,-81.95
VERTEX_PAYMENTS_135,2024-04,3,26543.14,3,0,-83.35
VERTEX_PAYMENTS_135,2024-05,2,137641.62,3,-1,418.56
VERTEX_PAYMENTS_135,2024-06,4,433943.6,2,2,215.27
VERTEX_PAYMENTS_155,2024-01,6,86056.14,,,
VERTEX_PAYMENTS_155,2024-02,1,6275.63,6,-5,-92.71
VERTEX_PAYMENTS_155,2024-04,1,6079.19,1,0,-3.13
VERTEX_PAYMENTS_155,2024-05,2,156012.18,1,1,2466.33
VERTEX_PAYMENTS_155,2024-06,1,9917.52,2,-1,-93.64
VERTEX_PAYMENTS_175,2024-02,3,98368.12,,,
VERTEX_PAYMENTS_175,2024-03,3,325020.54,3,0,230.41
VERTEX_PAYMENTS_175,2024-04,2,685137.05,3,-1,110.8
VERTEX_PAYMENTS_175,2024-05,2,27195.32,2,0,-96.03
VERTEX_PAYMENTS_175,2024-06,3,140967.94,2,1,418.35
VERTEX_PAYMENTS_175,2024-07,1,6451.6,3,-2,-95.42
VERTEX_PAYMENTS_195,2024-01,4,133514.52,,,
VERTEX_PAYMENTS_195,2024-02,7,55941.11,4,3,-58.1
VERTEX_PAYMENTS_195,2024-03,4,1249441.26,7,-3,2133.49
VERTEX_PAYMENTS_195,2024-04,2,22728.19,4,-2,-98.18
VERTEX_PAYMENTS_195,2024-06,2,762376.49,2,0,3254.32
VORTEX_CREDIT_004,2024-01,3,484410.0,,,
VORTEX_CREDIT_004,2024-02,3,114849.61,3,0,-76.29
VORTEX_CREDIT_004,2024-03,1,46.57,3,-2,-99.96
VORTEX_CREDIT_004,2024-04,4,29174.08,1,3,62545.65
VORTEX_CREDIT_004,2024-05,1,384764.31,4,-3,1218.86
VORTEX_CREDIT_004,2024-06,12,491362.79,1,11,27.7
VORTEX_CREDIT_024,2024-01,1,85749.57,,,
VORTEX_CREDIT_024,2024-02,2,440216.31,1,1,413.37
VORTEX_CREDIT_024,2024-03,5,481241.99,2,3,9.32
VORTEX_CREDIT_024,2024-04,1,417070.45,5,-4,-13.33
VORTEX_CREDIT_024,2024-06,1,4023.92,1,0,-99.04
VORTEX_CREDIT_024,2024-07,1,30979.91,1,0,669.89
VORTEX_CREDIT_044,2024-01,6,127384.97,,,
VORTEX_CREDIT_044,2024-02,14,98811.93,6,8,-22.43
VORTEX_CREDIT_044,2024-03,21,478216.3,14,7,383.97
VORTEX_CREDIT_044,2024-04,4,120825.5,21,-17,-74.73
VORTEX_CREDIT_044,2024-06,2,15194.84,4,-2,-87.42
VORTEX_CREDIT_044,2024-07,2,17148.05,2,0,12.85
VORTEX_CREDIT_064,2024-01,1,64223.33,,,
VORTEX_CREDIT_064,2024-02,3,311287.67,1,2,384.7
VORTEX_CREDIT_064,2024-03,1,5827.67,3,-2,-98.13
VORTEX_CREDIT_064,2024-04,1,7384.42,1,0,26.71
VORTEX_CREDIT_064,2024-05,5,246244.43,1,4,3234.65
VORTEX_CREDIT_064,2024-06,1,1831.21,5,-4,-99.26
VORTEX_CREDIT_084,2024-01,4,143040.18,,,
VORTEX_CREDIT_084,2024-02,3,193408.96,4,-1,35.21
VORTEX_CREDIT_084,2024-03,2,82878.72,3,-1,-57.15
VORTEX_CREDIT_084,2024-04,5,102222.48,2,3,23.34
VORTEX_CREDIT_084,2024-05,1,4901.96,5,-4,-95.2
VORTEX_CREDIT_084,2024-06,1,137724.76,1,0,2709.59
VORTEX_CREDIT_104,2024-01,2,730643.41,,,
VORTEX_CREDIT_104,2024-02,2,653972.57,2,0,-10.49
VORTEX_CREDIT_104,2024-03,6,457309.4,2,4,-30.07
VORTEX_CREDIT_104,2024-04,1,4780.11,6,-5,-98.95
VORTEX_CREDIT_104,2024-06,3,1178033.32,1,2,24544.48
VORTEX_CREDIT_124,2024-01,4,273262.32,,,
VORTEX_CREDIT_124,2024-02,6,659588.68,4,2,141.38
VORTEX_CREDIT_124,2024-03,1,56337.95,6,-5,-91.46
VORTEX_CREDIT_124,2024-04,2,389928.71,1,1,592.12
VORTEX_CREDIT_124,2024-05,2,65892.35,2,0,-83.1
VORTEX_CREDIT_124,2024-06,4,1377116.32,2,2,1989.95
VORTEX_CREDIT_124,2024-07,1,296235.77,4,-3,-78.49
VORTEX_CREDIT_144,2024-02,2,163197.51,,,
VORTEX_CREDIT_144,2024-03,6,128965.51,2,4,-20.98
VORTEX_CREDIT_144,2024-04,3,43841.15,6,-3,-66.01
VORTEX_CREDIT_144,2024-05,2,38186.6,3,-1,-12.9
VORTEX_CREDIT_144,2024-06,3,8409.74,2,1,-77.98
VORTEX_CREDIT_144,2024-07,2,345736.94,3,-1,4011.15
VORTEX_CREDIT_164,2024-01,2,187361.75,,,
VORTEX_CREDIT_164,2024-02,3,1438751.0,2,1,667.9
VORTEX_CREDIT_164,2024-03,3,162678.97,3,0,-88.69
VORTEX_CREDIT_164,2024-04,3,463039.09,3,0,184.63
VORTEX_CREDIT_164,2024-05,3,455527.92,3,0,-1.62
VORTEX_CREDIT_164,2024-06,2,279615.55,3,-1,-38.62
VORTEX_CREDIT_184,2024-01,1,28194.46,,,
VORTEX_CREDIT_184,2024-02,1,102821.82,1,0,264.69
VORTEX_CREDIT_184,2024-03,3,531914.67,1,2,417.32
VORTEX_CREDIT_184,2024-04,4,140511.39,3,1,-73.58
VORTEX_CREDIT_184,2024-05,21,239840.8,4,17,70.69
VORTEX_CREDIT_184,2024-06,1,139.96,21,-20,-99.94
ZENITH_FUND_007,2024-01,2,5622.52,,,
ZENITH_FUND_007,2024-02,10,137701.36,2,8,2349.1
ZENITH_FUND_007,2024-03,6,229614.91,10,-4,66.75
ZENITH_FUND_007,2024-04,21,255271.41,6,15,11.17
ZENITH_FUND_007,2024-05,23,936094.76,21,2,266.71
ZENITH_FUND_007,2024-06,2,69598.0,23,-21,-92.57
ZENITH_FUND_027,2024-01,3,145895.57,,,
ZENITH_FUND_027,2024-02,6,1446263.01,3,3,891.3
ZENITH_FUND_027,2024-03,2,175216.21,6,-4,-87.88
ZENITH_FUND_027,2024-04,3,632132.92,2,1,260.77
ZENITH_FUND_027,2024-05,1,6686.67,3,-2,-98.94
ZENITH_FUND_027,2024-06,5,372021.95,1,4,5463.64
ZENITH_FUND_027,2024-07,1,662735.83,5,-4,78.14
ZENITH_FUND_047,2024-01,1,257934.19,,,
ZENITH_FUND_047,2024-02,2,31506.86,1,1,-87.78
ZENITH_FUND_047,2024-03,13,1944935.79,2,11,6073.05
ZENITH_FUND_047,2024-04,4,258927.88,13,-9,-86.69
ZENITH_FUND_047,2024-05,1,25599.33,4,-3,-90.11
ZENITH_FUND_047,2024-06,1,49697.94,1,0,94.14
ZENITH_FUND_047,2024-07,1,92156.26,1,0,85.43
ZENITH_FUND_067,2024-01,4,38964.98,,,
ZENITH_FUND_067,2024-02,2,257194.06,4,-2,560.06
ZENITH_FUND_067,2024-03,1,1411.68,2,-1,-99.45
ZENITH_FUND_067,2024-04,2,276920.28,1,1,19516.36
ZENITH_FUND_067,2024-05,3,246938.14,2,1,-10.83
ZENITH_FUND_067,2024-06,9,68014.18,3,6,-72.46
ZENITH_FUND_087,2024-01,2,60281.15,,,
ZENITH_FUND_087,2024-02,8,650527.47,2,6,979.16
ZENITH_FUND_087,2024-03,18,131170.67,8,10,-79.84
ZENITH_FUND_087,2024-04,2,787156.2,18,-16,500.1
ZENITH_FUND_087,2024-05,2,433556.85,2,0,-44.92
ZENITH_FUND_087,2024-06,8,248023.6,2,6,-42.79
ZENITH_FUND_107,2024-01,2,136248.64,,,
ZENITH_FUND_107,2024-02,2,25643.96,2,0,-81.18
ZENITH_FUND_107,2024-03,3,59855.41,2,1,133.41
ZENITH_FUND_107,2024-04,12,535163.06,3,9,794.09
ZENITH_FUND_107,2024-05,2,74909.48,12,-10,-86.0
ZENITH_FUND_107,2024-06,1,34024.7,2,-1,-54.58
ZENITH_FUND_127,2024-01,4,243747.97,,,
ZENITH_FUND_127,2024-02,4,205525.28,4,0,-15.68
ZENITH_FUND_127,2024-03,3,240835.55,4,-1,17.18
ZENITH_FUND_127,2024-04,2,952838.42,3,-1,295.64
ZENITH_FUND_127,2024-05,2,28888.25,2,0,-96.97
ZENITH_FUND_127,2024-06,3,12058.98,2,1,-58.26
ZENITH_FUND_147,2024-01,5,1635534.82,,,
ZENITH_FUND_147,2024-02,2,11692.8,5,-3,-99.29
ZENITH_FUND_147,2024-03,22,689651.64,2,20,5798.09
ZENITH_FUND_147,2024-04,1,165141.47,22,-21,-76.05
ZENITH_FUND_147,2024-06,1,52323.42,1,0,-68.32
ZENITH_FUND_147,2024-07,2,189924.6,1,1,262.98
ZENITH_FUND_167,2024-01,3,135141.28,,,
ZENITH_FUND_167,2024-02,4,138565.68,3,1,2.53
ZENITH_FUND_167,2024-03,3,87624.62,4,-1,-36.76
ZENITH_FUND_167,2024-05,4,948618.83,3,1,982.59
ZENITH_FUND_167,2024-06,4,196242.44,4,0,-79.31
ZENITH_FUND_187,2024-01,3,111885.54,,,
ZENITH_FUND_187,2024-02,20,938623.51,3,17,738.91
ZENITH_FUND_187,2024-04,6,53086.9,20,-14,-94.34
ZENITH_FUND_187,2024-05,3,1044288.96,6,-3,1867.13
