entity,tx_count,total_value,alert_count,value_quartile,segment
QUANTUM_CLEARING_186,23,10698467.44,1,4,WATCHLIST
NEXUS_TRUST_031,32,9989999.14,10,4,ENHANCED_DUE_DILIGENCE
DELTA_BANCORP_132,27,7919885.02,1,4,WATCHLIST
CORONA_CLEARING_196,42,5603115.83,17,4,ENHANCED_DUE_DILIGENCE
AXIOM_PARTNERS_058,40,5238754.35,10,4,ENHANCED_DUE_DILIGENCE
VERTEX_PAYMENTS_115,14,4880738.78,0,4,CLEAN
QUANTUM_CLEARING_126,22,4812390.88,0,4,CLEAN
NOVA_TRUST_121,35,4793897.39,5,4,ENHANCED_DUE_DILIGENCE
SOLARIS_FIN_183,19,4772415.9,0,4,CLEAN
ECLIPSE_HOLDINGS_169,34,4535309.75,4,4,ENHANCED_DUE_DILIGENCE
PRIME_HOLDINGS_179,24,4249964.82,0,4,CLEAN
AXIOM_PARTNERS_018,40,4038643.77,9,4,ENHANCED_DUE_DILIGENCE
SOLARIS_FIN_003,16,3999604.72,0,4,CLEAN
CORONA_CLEARING_056,20,3884034.3,0,4,CLEAN
NOVA_TRUST_141,21,3761781.02,0,4,CLEAN
NOVA_TRUST_061,20,3712794.5,0,4,CLEAN
SOLARIS_FIN_143,25,3594575.37,0,4,CLEAN
OBSIDIAN_PARTNERS_188,11,3515794.09,0,4,CLEAN
OBSIDIAN_PARTNERS_148,26,3443042.57,0,4,CLEAN
OMEGA_FIN_173,29,3442619.78,4,4,ENHANCED_DUE_DILIGENCE
ZENITH_FUND_027,21,3440952.16,0,4,CLEAN
HELIX_PAYMENTS_085,40,3306495.94,6,4,ENHANCED_DUE_DILIGENCE
OBSIDIAN_PARTNERS_008,44,3283122.96,8,4,ENHANCED_DUE_DILIGENCE
HELIX_PAYMENTS_165,17,3221137.88,0,4,CLEAN
NEXUS_TRUST_051,16,3192812.69,0,4,CLEAN
ATLAS_BANCORP_082,32,3120267.05,0,4,CLEAN
VORTEX_CREDIT_124,20,3118362.1,0,4,CLEAN
ECLIPSE_HOLDINGS_089,47,3083976.45,14,4,ENHANCED_DUE_DILIGENCE
CORONA_CLEARING_036,24,3051793.39,0,4,CLEAN
APEX_CREDIT_094,34,3046870.19,0,4,CLEAN
VORTEX_CREDIT_104,14,3024738.81,0,4,CLEAN
VORTEX_CREDIT_164,16,2986974.28,0,4,CLEAN
DELTA_BANCORP_152,34,2977176.65,4,4,ENHANCED_DUE_DILIGENCE
NOVA_TRUST_001,19,2962305.01,0,4,CLEAN
ECLIPSE_HOLDINGS_149,24,2873507.31,5,4,ENHANCED_DUE_DILIGENCE
PRIME_HOLDINGS_199,40,2808805.55,1,4,WATCHLIST
APEX_CREDIT_134,18,2790749.03,0,4,CLEAN
DELTA_BANCORP_012,42,2767811.71,2,4,WATCHLIST
ZENITH_FUND_147,33,2744268.75,8,4,ENHANCED_DUE_DILIGENCE
CIPHER_CAPITAL_090,54,2677327.06,16,4,ENHANCED_DUE_DILIGENCE
ZENITH_FUND_047,23,2660758.25,3,4,ENHANCED_DUE_DILIGENCE
CORONA_CLEARING_156,34,2656842.6,3,4,ENHANCED_DUE_DILIGENCE
STRATUS_FUND_157,28,2656630.12,2,4,WATCHLIST
ECLIPSE_HOLDINGS_029,18,2652112.42,0,4,CLEAN
STRATUS_FUND_177,36,2642553.7,11,4,ENHANCED_DUE_DILIGENCE
ECLIPSE_HOLDINGS_069,42,2637700.19,13,4,ENHANCED_DUE_DILIGENCE
ECLIPSE_HOLDINGS_009,31,2626710.48,2,4,WATCHLIST
DELTA_BANCORP_032,13,2580751.04,0,4,CLEAN
PRIME_HOLDINGS_039,24,2577488.27,0,4,CLEAN
HELIX_PAYMENTS_045,31,2541986.83,0,4,CLEAN
PRIME_HOLDINGS_099,39,2401003.27,4,3,ENHANCED_DUE_DILIGENCE
OMEGA_FIN_093,18,2350625.29,0,3,CLEAN
MERIDIAN_CAPITAL_000,52,2333185.36,9,3,ENHANCED_DUE_DILIGENCE
DELTA_BANCORP_092,28,2329406.6,0,3,CLEAN
AXIOM_PARTNERS_038,43,2321492.59,20,3,ENHANCED_DUE_DILIGENCE
ZENITH_FUND_087,40,2310715.94,10,3,ENHANCED_DUE_DILIGENCE
OMEGA_FIN_193,40,2308924.5,14,3,ENHANCED_DUE_DILIGENCE
NEXUS_TRUST_111,25,2301591.05,3,3,ENHANCED_DUE_DILIGENCE
HELIX_PAYMENTS_185,22,2301168.03,0,3,CLEAN
VERTEX_PAYMENTS_075,33,2278549.22,4,3,ENHANCED_DUE_DILIGENCE
ECLIPSE_HOLDINGS_129,15,2271416.2,0,3,CLEAN
NOVA_TRUST_101,22,2262222.28,0,3,CLEAN
NEXUS_TRUST_131,27,2237445.52,2,3,WATCHLIST
VERTEX_PAYMENTS_195,19,2224001.57,1,3,WATCHLIST
STRATUS_FUND_017,24,2163824.17,0,3,CLEAN
ZENITH_FUND_187,32,2147884.91,10,3,ENHANCED_DUE_DILIGENCE
NOVA_TRUST_181,42,2147586.89,1,3,WATCHLIST
CIPHER_CAPITAL_190,24,2122802.81,0,3,CLEAN
HELIX_PAYMENTS_005,33,2115754.43,8,3,ENHANCED_DUE_DILIGENCE
DELTA_BANCORP_192,23,2060018.44,0,3,CLEAN
MERIDIAN_CAPITAL_040,26,1985049.86,1,3,WATCHLIST
APEX_CREDIT_034,18,1977672.95,0,3,CLEAN
STRATUS_FUND_137,28,1957116.71,1,3,WATCHLIST
SOLARIS_FIN_163,34,1956879.6,10,3,ENHANCED_DUE_DILIGENCE
APEX_CREDIT_174,23,1909175.14,0,3,CLEAN
ATLAS_BANCORP_062,20,1906216.08,0,3,CLEAN
SOLARIS_FIN_083,21,1889064.8,0,3,CLEAN
AXIOM_PARTNERS_138,36,1882424.08,0,3,CLEAN
SOLARIS_FIN_103,19,1879054.87,0,3,CLEAN
OBSIDIAN_PARTNERS_068,15,1878643.68,0,3,CLEAN
OBSIDIAN_PARTNERS_028,23,1850111.44,0,3,CLEAN
HELIX_PAYMENTS_065,47,1831861.75,12,3,ENHANCED_DUE_DILIGENCE
MERIDIAN_CAPITAL_060,40,1824927.77,13,3,ENHANCED_DUE_DILIGENCE
CORONA_CLEARING_176,20,1798468.86,0,3,CLEAN
OMEGA_FIN_113,16,1760205.42,0,3,CLEAN
CORONA_CLEARING_076,30,1754081.85,1,3,WATCHLIST
ATLAS_BANCORP_002,36,1749071.3,8,3,ENHANCED_DUE_DILIGENCE
ATLAS_BANCORP_162,27,1718644.0,5,3,ENHANCED_DUE_DILIGENCE
APEX_CREDIT_194,24,1694073.97,2,3,WATCHLIST
STRATUS_FUND_117,21,1691121.63,1,3,WATCHLIST
SOLARIS_FIN_023,20,1687640.51,1,3,WATCHLIST
ZENITH_FUND_127,18,1683894.45,0,3,CLEAN
APEX_CREDIT_074,10,1672079.41,0,3,CLEAN
VERTEX_PAYMENTS_135,19,1653194.02,0,3,CLEAN
ZENITH_FUND_007,64,1633902.96,24,3,ENHANCED_DUE_DILIGENCE
ATLAS_BANCORP_142,42,1623676.35,16,3,ENHANCED_DUE_DILIGENCE
MERIDIAN_CAPITAL_180,16,1617486.12,0,3,CLEAN
APEX_CREDIT_014,35,1614957.64,6,3,ENHANCED_DUE_DILIGENCE
VERTEX_PAYMENTS_035,23,1599116.86,4,3,ENHANCED_DUE_DILIGENCE
OMEGA_FIN_013,13,1595709.27,0,3,CLEAN
CORONA_CLEARING_116,16,1580180.76,0,2,CLEAN
ATLAS_BANCORP_122,19,1568845.53,1,2,WATCHLIST
STRATUS_FUND_057,26,1560973.5,0,2,CLEAN
AXIOM_PARTNERS_178,28,1552899.17,8,2,ENHANCED_DUE_DILIGENCE
NEXUS_TRUST_091,32,1551940.18,1,2,WATCHLIST
DELTA_BANCORP_112,36,1543779.77,11,2,ENHANCED_DUE_DILIGENCE
HELIX_PAYMENTS_145,39,1543215.68,10,2,ENHANCED_DUE_DILIGENCE
NOVA_TRUST_021,29,1539356.19,0,2,CLEAN
AXIOM_PARTNERS_158,19,1510054.41,0,2,CLEAN
ZENITH_FUND_167,18,1506192.85,0,2,CLEAN
VORTEX_CREDIT_004,24,1504607.36,2,2,WATCHLIST
QUANTUM_CLEARING_146,18,1502248.16,1,2,WATCHLIST
OMEGA_FIN_133,18,1467776.58,0,2,CLEAN
AXIOM_PARTNERS_098,33,1466291.43,9,2,ENHANCED_DUE_DILIGENCE
AXIOM_PARTNERS_198,17,1465872.71,0,2,CLEAN
CIPHER_CAPITAL_050,17,1464210.27,1,2,WATCHLIST
VORTEX_CREDIT_024,11,1459282.15,0,2,CLEAN
APEX_CREDIT_054,54,1458050.12,13,2,ENHANCED_DUE_DILIGENCE
ATLAS_BANCORP_102,15,1450674.42,0,2,CLEAN
NOVA_TRUST_161,20,1429877.61,0,2,CLEAN
CIPHER_CAPITAL_130,19,1396015.67,0,2,CLEAN
AXIOM_PARTNERS_118,25,1391367.29,0,2,CLEAN
STRATUS_FUND_097,17,1383898.88,0,2,CLEAN
SOLARIS_FIN_063,19,1382520.07,0,2,CLEAN
MERIDIAN_CAPITAL_120,14,1374547.6,0,2,CLEAN
QUANTUM_CLEARING_166,56,1367271.27,18,2,ENHANCED_DUE_DILIGENCE
ATLAS_BANCORP_042,20,1365260.34,0,2,CLEAN
APEX_CREDIT_154,22,1354229.71,1,2,WATCHLIST
DELTA_BANCORP_172,14,1353689.17,0,2,CLEAN
SOLARIS_FIN_043,21,1352919.74,1,2,WATCHLIST
NEXUS_TRUST_151,42,1330819.75,13,2,ENHANCED_DUE_DILIGENCE
ATLAS_BANCORP_182,23,1324511.25,2,2,WATCHLIST
QUANTUM_CLEARING_026,15,1321786.38,0,2,CLEAN
OBSIDIAN_PARTNERS_048,26,1299803.69,0,2,CLEAN
CIPHER_CAPITAL_030,23,1293317.75,2,2,WATCHLIST
VERTEX_PAYMENTS_175,14,1283140.57,0,2,CLEAN
OBSIDIAN_PARTNERS_168,28,1282015.36,0,2,CLEAN
MERIDIAN_CAPITAL_100,61,1275973.55,30,2,ENHANCED_DUE_DILIGENCE
ECLIPSE_HOLDINGS_049,21,1200359.2,0,2,CLEAN
HELIX_PAYMENTS_025,21,1194343.61,0,2,CLEAN
CORONA_CLEARING_016,18,1186622.66,0,2,CLEAN
CIPHER_CAPITAL_150,34,1170595.42,3,2,ENHANCED_DUE_DILIGENCE
PRIME_HOLDINGS_159,20,1162684.31,0,2,CLEAN
MERIDIAN_CAPITAL_080,18,1130511.73,0,2,CLEAN
HELIX_PAYMENTS_125,15,1120948.07,0,2,CLEAN
QUANTUM_CLEARING_066,14,1089208.75,0,2,CLEAN
QUANTUM_CLEARING_006,20,1067670.51,0,2,CLEAN
NEXUS_TRUST_071,22,1064636.48,0,2,CLEAN
NEXUS_TRUST_011,14,1063824.92,0,2,CLEAN
DELTA_BANCORP_072,47,1048156.86,17,2,ENHANCED_DUE_DILIGENCE
VORTEX_CREDIT_184,31,1043423.1,12,1,ENHANCED_DUE_DILIGENCE
VERTEX_PAYMENTS_055,23,1011071.61,0,1,CLEAN
HELIX_PAYMENTS_105,17,996410.95,0,1,CLEAN
CIPHER_CAPITAL_110,21,977197.04,4,1,ENHANCED_DUE_DILIGENCE
STRATUS_FUND_197,22,967697.62,4,1,ENHANCED_DUE_DILIGENCE
AXIOM_PARTNERS_078,23,951913.82,0,1,CLEAN
PRIME_HOLDINGS_119,33,936124.65,3,1,ENHANCED_DUE_DILIGENCE
VERTEX_PAYMENTS_095,18,905582.1,0,1,CLEAN
OMEGA_FIN_153,18,896816.9,0,1,CLEAN
ZENITH_FUND_067,21,889443.32,3,1,ENHANCED_DUE_DILIGENCE
ATLAS_BANCORP_022,22,885931.04,2,1,WATCHLIST
APEX_CREDIT_114,10,877949.79,0,1,CLEAN
STRATUS_FUND_077,10,876916.65,0,1,CLEAN
CORONA_CLEARING_136,19,875824.63,0,1,CLEAN
VERTEX_PAYMENTS_015,14,870498.42,0,1,CLEAN
ZENITH_FUND_107,22,865845.25,1,1,WATCHLIST
VORTEX_CREDIT_044,49,857581.59,13,1,ENHANCED_DUE_DILIGENCE
NEXUS_TRUST_191,24,850103.16,0,1,CLEAN
PRIME_HOLDINGS_059,14,841230.21,0,1,CLEAN
MERIDIAN_CAPITAL_020,25,801948.11,4,1,ENHANCED_DUE_DILIGENCE
SOLARIS_FIN_123,19,791980.4,0,1,CLEAN
MERIDIAN_CAPITAL_140,16,784502.93,0,1,CLEAN
ECLIPSE_HOLDINGS_109,10,772657.99,0,1,CLEAN
PRIME_HOLDINGS_079,15,770592.8,2,1,WATCHLIST
QUANTUM_CLEARING_046,9,768509.14,0,1,CLEAN
CIPHER_CAPITAL_010,21,734176.43,0,1,CLEAN
VORTEX_CREDIT_144,18,728337.45,0,1,CLEAN
NOVA_TRUST_081,16,717223.11,0,1,CLEAN
OBSIDIAN_PARTNERS_128,11,702045.56,0,1,CLEAN
ECLIPSE_HOLDINGS_189,18,695860.81,0,1,CLEAN
PRIME_HOLDINGS_019,26,686241.36,7,1,ENHANCED_DUE_DILIGENCE
MERIDIAN_CAPITAL_160,24,671990.31,3,1,ENHANCED_DUE_DILIGENCE
VORTEX_CREDIT_084,16,664177.06,0,1,CLEAN
OMEGA_FIN_033,14,660478.03,1,1,WATCHLIST
VORTEX_CREDIT_064,12,636798.73,0,1,CLEAN
CIPHER_CAPITAL_070,18,629343.44,0,1,CLEAN
OBSIDIAN_PARTNERS_088,33,590632.42,12,1,ENHANCED_DUE_DILIGENCE
QUANTUM_CLEARING_086,31,547984.92,10,1,ENHANCED_DUE_DILIGENCE
NOVA_TRUST_041,10,544632.48,0,1,CLEAN
OMEGA_FIN_073,21,540376.31,4,1,ENHANCED_DUE_DILIGENCE
DELTA_BANCORP_052,26,526816.82,0,1,CLEAN
PRIME_HOLDINGS_139,34,512296.22,11,1,ENHANCED_DUE_DILIGENCE
OBSIDIAN_PARTNERS_108,28,485501.83,3,1,ENHANCED_DUE_DILIGENCE
CIPHER_CAPITAL_170,12,483013.22,0,1,CLEAN
OMEGA_FIN_053,31,449643.63,0,1,CLEAN
NEXUS_TRUST_171,10,417303.23,0,1,CLEAN
CORONA_CLEARING_096,34,392592.34,15,1,ENHANCED_DUE_DILIGENCE
STRATUS_FUND_037,14,392283.48,0,1,CLEAN
VERTEX_PAYMENTS_155,11,264340.66,0,1,CLEAN
QUANTUM_CLEARING_106,20,182421.81,2,1,WATCHLIST
