entity,alert_count,avg_graph_score,max_graph_score,circular_flow_alerts,network_role,intermediary_rank
OMEGA_FIN_173,5,0.5783,0.6229,5,LIKELY_INTERMEDIARY,1
STRATUS_FUND_097,2,0.5728,0.6137,2,LIKELY_INTERMEDIARY,2
VERTEX_PAYMENTS_035,6,0.56,0.6219,6,LIKELY_INTERMEDIARY,3
OMEGA_FIN_193,16,0.5471,0.5829,16,LIKELY_INTERMEDIARY,4
NEXUS_TRUST_151,16,0.5383,0.6139,16,LIKELY_INTERMEDIARY,5
ATLAS_BANCORP_142,19,0.5333,0.6087,19,LIKELY_INTERMEDIARY,6
NEXUS_TRUST_031,11,0.5322,0.5361,11,LIKELY_INTERMEDIARY,7
QUANTUM_CLEARING_086,14,0.5055,0.6137,14,LIKELY_INTERMEDIARY,8
VORTEX_CREDIT_024,3,0.4847,0.598,3,POSSIBLE_INTERMEDIARY,9
VERTEX_PAYMENTS_055,2,0.4835,0.6229,2,POSSIBLE_INTERMEDIARY,10
SOLARIS_FIN_143,5,0.4758,0.619,5,POSSIBLE_INTERMEDIARY,11
MERIDIAN_CAPITAL_000,13,0.4746,0.598,13,POSSIBLE_INTERMEDIARY,12
OBSIDIAN_PARTNERS_128,3,0.4744,0.598,3,POSSIBLE_INTERMEDIARY,13
NOVA_TRUST_161,5,0.4705,0.5829,5,POSSIBLE_INTERMEDIARY,14
STRATUS_FUND_077,2,0.4704,0.5488,2,POSSIBLE_INTERMEDIARY,15
MERIDIAN_CAPITAL_160,6,0.4703,0.619,6,POSSIBLE_INTERMEDIARY,16
VORTEX_CREDIT_164,3,0.4624,0.6087,3,POSSIBLE_INTERMEDIARY,17
ATLAS_BANCORP_002,9,0.4581,0.6048,9,POSSIBLE_INTERMEDIARY,18
MERIDIAN_CAPITAL_180,2,0.4562,0.6136,2,POSSIBLE_INTERMEDIARY,19
OBSIDIAN_PARTNERS_008,12,0.4549,0.619,12,POSSIBLE_INTERMEDIARY,20
ECLIPSE_HOLDINGS_109,4,0.4545,0.6137,4,POSSIBLE_INTERMEDIARY,21
HELIX_PAYMENTS_165,2,0.4533,0.6136,2,POSSIBLE_INTERMEDIARY,22
OMEGA_FIN_013,3,0.4531,0.619,3,POSSIBLE_INTERMEDIARY,23
PRIME_HOLDINGS_199,3,0.453,0.6137,3,POSSIBLE_INTERMEDIARY,24
PRIME_HOLDINGS_159,2,0.451,0.619,2,POSSIBLE_INTERMEDIARY,25
