entity,peak_risk_score,row_number_rank,rank_with_ties,dense_rank_with_ties
NEXUS_TRUST_151,0.903482,1,1,1
ATLAS_BANCORP_142,0.902185,2,2,2
OMEGA_FIN_193,0.895716,3,3,3
NEXUS_TRUST_031,0.876288,4,4,4
QUANTUM_CLEARING_166,0.861245,5,5,5
VORTEX_CREDIT_044,0.832965,6,6,6
CORONA_CLEARING_196,0.83039,7,7,7
APEX_CREDIT_054,0.829167,8,8,8
MERIDIAN_CAPITAL_100,0.828717,9,9,9
DELTA_BANCORP_112,0.825963,10,10,10
ECLIPSE_HOLDINGS_069,0.817438,11,11,11
QUANTUM_CLEARING_086,0.816129,12,12,12
ZENITH_FUND_007,0.815587,13,13,13
AXIOM_PARTNERS_038,0.806548,14,14,14
VORTEX_CREDIT_184,0.806132,15,15,15
HELIX_PAYMENTS_085,0.799256,16,16,16
HELIX_PAYMENTS_065,0.798463,17,17,17
OBSIDIAN_PARTNERS_088,0.794002,18,18,18
OMEGA_FIN_173,0.791561,19,19,19
HELIX_PAYMENTS_145,0.79025,20,20,20
STRATUS_FUND_177,0.788355,21,21,21
ZENITH_FUND_187,0.787973,22,22,22
HELIX_PAYMENTS_005,0.787343,23,23,23
ECLIPSE_HOLDINGS_089,0.787105,24,24,24
CORONA_CLEARING_096,0.786502,25,25,25
