tx_date,daily_tx_count,daily_value,rolling_7d_tx_count,rolling_7d_value
2024-01-01,30,801407.62,30,801407.62
2024-01-02,49,533657.05,79,1335064.67
2024-01-03,29,2319609.24,108,3654673.91
2024-01-04,17,1869898.95,125,5524572.86
2024-01-05,27,3615259.31,152,9139832.17
2024-01-06,26,1600291.57,178,10740123.74
2024-01-07,24,767518.36,202,11507642.1
2024-01-08,16,1973602.11,188,12679836.59
2024-01-09,24,1519464.66,163,13665644.2
2024-01-10,30,1264105.97,164,12610140.93
2024-01-11,39,697206.99,186,11437448.97
2024-01-12,27,3296672.84,186,11118862.5
2024-01-13,45,4818968.48,205,14337539.41
2024-01-14,13,295309.09,194,13865330.14
2024-01-15,27,2952793.52,205,14844521.55
2024-01-16,25,4767527.75,206,18092584.64
2024-01-17,25,677486.25,201,17505964.92
2024-01-18,28,3127572.09,190,19936330.02
2024-01-19,20,3676935.78,183,20316592.96
2024-01-20,56,788210.12,194,16285834.6
2024-01-21,16,1122582.52,197,17113108.03
2024-01-22,87,6821471.34,257,20981785.85
2024-01-23,25,550392.83,257,16764650.93
2024-01-24,20,698592.03,252,16785756.71
2024-01-25,15,1397046.93,239,15055231.55
2024-01-26,44,1199137.91,263,12577433.68
2024-01-27,26,629504.56,233,12418728.12
2024-01-28,32,1715594.05,249,13011739.65
2024-01-29,13,1402965.44,175,7593233.75
2024-01-30,16,2278095.75,166,9320936.67
2024-01-31,23,2236450.49,169,10858795.13
2024-02-01,15,1221530.9,169,10683279.1
2024-02-02,23,3315064.05,148,12799205.24
2024-02-03,16,651800.96,138,12821501.64
2024-02-04,44,4504268.26,150,15610175.85
2024-02-05,36,1922777.49,173,16129987.9
2024-02-06,29,1063100.51,186,14914992.66
2024-02-07,16,1556513.84,179,14235056.01
2024-02-08,19,396704.77,183,13410229.88
2024-02-09,48,6146379.71,208,16241545.54
2024-02-10,45,1266962.91,237,16856707.49
2024-02-11,46,2697178.91,239,15049618.14
2024-02-12,13,1403078.87,216,14529919.52
2024-02-13,38,3146899.34,225,16613718.35
2024-02-14,40,1219975.53,249,16277180.04
2024-02-15,38,3680273.15,268,19560748.42
2024-02-16,16,1928847.91,236,15343216.62
2024-02-17,26,1102599.65,217,15178853.36
2024-02-18,36,823672.73,207,13305347.18
2024-02-19,44,1062761.7,238,12965030.01
2024-02-20,37,1602332.48,237,11420463.15
2024-02-21,23,1315742.38,220,11516230.0
2024-02-22,33,1728259.76,215,9564216.61
2024-02-23,9,509797.11,208,8145165.81
2024-02-24,24,1842836.26,206,8885402.42
2024-02-25,23,1728317.51,193,9790047.2
2024-02-26,71,3706685.24,220,12433970.74
2024-02-27,34,2054975.62,217,12886613.88
2024-02-28,19,766755.66,213,12337627.16
2024-02-29,34,5388153.69,214,15997521.09
2024-03-01,19,3050318.42,224,18538042.4
2024-03-02,60,1460975.93,260,18156182.07
2024-03-03,16,2623836.48,253,19051701.04
2024-03-04,22,10261115.48,204,25606131.28
2024-03-05,45,1738858.56,215,25290014.22
2024-03-06,18,1503841.23,214,26027099.79
2024-03-07,23,1064187.59,203,21703133.69
2024-03-08,39,1123658.6,223,19776473.87
2024-03-09,36,3135867.83,199,21451365.77
2024-03-10,16,1211296.87,199,20038826.16
2024-03-11,12,2152237.82,189,11929948.5
2024-03-12,24,1302953.71,168,11494043.65
2024-03-13,17,1377416.93,167,11367619.35
2024-03-14,48,1379596.93,192,11683028.69
2024-03-15,13,1990401.02,166,12549771.11
2024-03-16,19,367023.83,149,9780927.11
2024-03-17,36,3314642.27,169,11884272.51
2024-03-18,28,2866509.26,185,12598543.95
2024-03-19,23,615090.96,184,11910681.2
2024-03-20,18,3067195.19,185,13600459.46
2024-03-21,16,602094.48,153,12822957.01
2024-03-22,18,403515.65,158,11236071.64
2024-03-23,27,1937266.32,166,12806314.13
2024-03-24,19,2798021.05,149,12289692.91
2024-03-25,11,569958.71,132,9993142.36
2024-03-26,33,1534195.06,142,10912246.46
2024-03-27,20,2315800.34,144,10160851.61
2024-03-28,24,1544490.73,152,11103247.86
2024-03-29,19,2248715.68,153,12948447.89
2024-03-30,50,7096412.4,176,18107593.97
2024-03-31,40,2241597.38,197,17551170.3
2024-04-01,86,1307632.0,272,18288843.59
2024-04-02,17,855312.11,256,17609960.64
2024-04-03,28,2239586.58,264,17533746.88
2024-04-04,19,2375367.22,259,18364623.37
2024-04-05,14,653453.76,254,16769361.45
2024-04-06,21,1820188.48,225,11493137.53
2024-04-07,10,286066.27,195,9537606.42
2024-04-08,26,1384901.99,135,9614876.41
2024-04-09,48,2027994.95,166,10787559.25
2024-04-10,43,4793880.47,181,13341853.14
2024-04-11,20,2103190.99,182,13069676.91
2024-04-12,14,509350.97,182,12925574.12
2024-04-13,29,1983397.49,190,13088783.13
2024-04-14,25,1304512.48,205,14107229.34
2024-04-15,29,504947.03,208,13227274.38
2024-04-16,17,2365727.77,177,13565007.2
2024-04-17,17,292806.32,151,9063933.05
2024-04-18,43,1560171.32,174,8520913.38
2024-04-19,24,268898.45,184,8280460.86
2024-04-20,21,2163225.28,176,8460288.65
2024-04-21,29,785066.74,180,7940842.91
2024-04-22,24,737584.23,175,8173480.11
2024-04-23,18,1110426.47,176,6918178.81
2024-04-24,34,869800.59,193,7495173.08
2024-04-25,36,633823.76,186,6568825.52
2024-04-26,18,507339.68,180,6807266.75
2024-04-27,26,5390203.58,185,10034245.05
2024-04-28,12,1197120.15,168,10446298.46
2024-04-29,32,3699504.41,176,13408218.64
2024-04-30,31,2936736.07,189,15234528.24
2024-05-01,15,494415.98,170,14859143.63
2024-05-02,21,601236.54,155,14826556.41
2024-05-03,19,2298228.3,156,16617445.03
2024-05-04,32,2327496.18,162,13554737.63
2024-05-05,22,530839.58,172,12888457.06
2024-05-06,15,1504747.8,155,10693700.45
2024-05-07,8,1052860.66,132,8809825.04
2024-05-08,21,2218494.29,138,10533903.35
2024-05-09,18,4370897.91,135,14303564.72
2024-05-10,44,388821.24,160,12394157.66
2024-05-11,13,761440.01,141,10828101.49
2024-05-12,11,2584615.95,130,12881877.86
2024-05-13,23,1978631.38,138,13355761.44
2024-05-14,19,899874.68,149,13202775.46
2024-05-15,30,1214301.65,158,12198582.82
2024-05-16,23,2239817.95,163,10067502.86
2024-05-17,18,4735856.38,137,14414538.0
2024-05-18,24,6068403.72,148,19721501.71
2024-05-19,27,2604334.64,164,19741220.4
2024-05-20,24,2552249.23,165,20314838.25
2024-05-21,18,596728.99,164,20011692.56
2024-05-22,25,1359050.42,159,20156441.33
2024-05-23,29,2503960.9,165,20420584.28
2024-05-24,24,3549494.23,171,19234222.13
2024-05-25,16,2284692.89,163,15450511.3
2024-05-26,14,2482881.26,150,15329057.92
2024-05-27,15,640767.23,141,13417575.92
2024-05-28,14,1344347.61,137,14165194.54
2024-05-29,42,4332500.49,154,17138644.61
2024-05-30,13,686370.68,138,15321054.39
2024-05-31,54,1267638.03,168,13039198.19
2024-06-01,21,2455593.74,173,13210099.04
2024-06-02,16,2023736.18,175,12750953.96
2024-06-03,27,3340577.41,187,15450764.14
2024-06-04,21,548738.73,194,14655155.26
2024-06-05,20,1484761.44,172,11807416.21
2024-06-06,31,674162.7,190,11795208.23
2024-06-07,19,1362570.45,155,11890140.65
2024-06-08,22,820528.2,156,10255075.11
2024-06-09,30,674847.37,170,8906186.3
2024-06-10,19,2819610.11,162,8385219.0
2024-06-11,37,5414764.48,178,13251244.75
2024-06-12,26,2204477.42,184,13970960.73
2024-06-13,42,5224446.72,195,18521244.75
2024-06-14,26,1115247.1,202,18273921.4
2024-06-15,26,6505675.05,206,23959068.25
2024-06-16,24,2193199.39,200,25477420.27
2024-06-17,20,835000.58,201,23492810.74
2024-06-18,27,2141012.65,191,20219058.91
2024-06-19,25,4315417.2,190,22329998.69
2024-06-20,12,330148.81,160,17435700.78
2024-06-21,23,1875664.63,157,18196118.31
2024-06-22,38,4616778.28,169,16307221.54
2024-06-23,19,1961495.07,164,16075517.22
2024-06-24,31,837966.27,175,16078482.91
2024-06-25,18,1970597.19,166,15908067.45
2024-06-26,20,3476162.76,161,15068813.01
2024-06-27,23,1231590.54,172,15970254.74
2024-06-28,27,2174408.61,176,16268998.72
2024-06-29,42,544307.51,180,12196527.95
2024-06-30,18,9275001.5,179,19510034.38
2024-07-01,14,4411819.5,162,23083887.61
2024-07-02,17,766864.32,161,21880154.74
2024-07-03,30,1516742.84,171,19920734.82
2024-07-04,15,2956112.6,163,21645256.88
2024-07-05,20,1754369.75,156,21225218.02
2024-07-06,24,487499.19,138,21168409.7
2024-07-07,26,1728256.5,146,13621664.7
2024-07-08,4,266166.59,136,9476011.79
