source_entity,structuring_alert_count,avg_structuring_score,total_flagged_value,avg_flagged_tx_amount,first_structuring_alert,last_structuring_alert,pattern_classification
MERIDIAN_CAPITAL_100,22,0.8675,115986.71,5272.12,2024-01-31 00:31:53,2024-03-02 13:49:04,REPEATED_PATTERN
ZENITH_FUND_007,18,0.898,88002.97,4889.05,2024-04-01 12:54:49,2024-05-31 01:40:42,REPEATED_PATTERN
CORONA_CLEARING_196,15,0.8931,91243.31,6082.89,2024-02-19 09:31:27,2024-04-11 05:22:40,REPEATED_PATTERN
AXIOM_PARTNERS_038,15,0.8745,99856.38,6657.09,2024-02-26 02:59:43,2024-06-29 20:15:45,REPEATED_PATTERN
CIPHER_CAPITAL_090,14,0.7589,69771.91,4983.71,2024-01-23 00:23:00,2024-07-07 15:14:13,REPEATED_PATTERN
QUANTUM_CLEARING_166,14,0.7454,75219.45,5372.82,2024-01-22 20:00:30,2024-05-15 10:38:55,REPEATED_PATTERN
MERIDIAN_CAPITAL_060,12,0.9207,92015.19,7667.93,2024-02-13 03:54:48,2024-04-01 22:53:48,REPEATED_PATTERN
APEX_CREDIT_054,10,0.8605,68944.17,6894.42,2024-01-20 03:01:12,2024-04-18 22:27:06,REPEATED_PATTERN
ECLIPSE_HOLDINGS_069,10,0.8215,44921.31,4492.13,2024-01-22 06:40:13,2024-01-22 06:44:49,REPEATED_PATTERN
ZENITH_FUND_087,10,0.6995,75441.94,7544.19,2024-03-16 05:11:12,2024-06-11 13:53:46,REPEATED_PATTERN
QUANTUM_CLEARING_086,10,0.6229,62181.24,6218.12,2024-02-15 21:23:27,2024-03-26 19:55:53,REPEATED_PATTERN
CORONA_CLEARING_096,9,0.858,64313.39,7145.93,2024-03-17 14:40:39,2024-04-21 10:07:07,REPEATED_PATTERN
ECLIPSE_HOLDINGS_089,9,0.8135,56563.17,6284.8,2024-01-26 05:39:44,2024-02-26 10:27:16,REPEATED_PATTERN
VORTEX_CREDIT_044,9,0.7773,45639.8,5071.09,2024-02-20 18:00:31,2024-03-08 00:57:15,REPEATED_PATTERN
MERIDIAN_CAPITAL_000,9,0.7308,82791.04,9199.0,2024-02-27 14:48:50,2024-05-31 17:09:07,REPEATED_PATTERN
ZENITH_FUND_147,8,0.9625,48841.89,6105.24,2024-03-05 14:19:53,2024-03-14 23:50:20,REPEATED_PATTERN
STRATUS_FUND_177,8,0.9565,47041.85,5880.23,2024-04-01 15:02:08,2024-04-01 15:07:45,REPEATED_PATTERN
ATLAS_BANCORP_142,8,0.9119,38537.0,4817.13,2024-02-11 01:46:49,2024-02-11 01:50:57,REPEATED_PATTERN
HELIX_PAYMENTS_065,8,0.896,43430.83,5428.85,2024-03-31 08:11:35,2024-04-05 19:07:30,REPEATED_PATTERN
SOLARIS_FIN_163,8,0.856,41785.96,5223.24,2024-02-14 12:59:11,2024-02-14 13:02:35,REPEATED_PATTERN
DELTA_BANCORP_072,8,0.8303,29399.17,3674.9,2024-02-18 06:20:09,2024-04-18 03:22:57,REPEATED_PATTERN
OMEGA_FIN_193,8,0.8053,52487.92,6560.99,2024-04-10 07:50:48,2024-04-10 07:54:00,REPEATED_PATTERN
NEXUS_TRUST_151,8,0.7513,47783.8,5972.97,2024-01-20 06:54:28,2024-03-04 22:39:03,REPEATED_PATTERN
ZENITH_FUND_187,7,0.9718,40771.75,5824.54,2024-02-10 05:21:25,2024-02-10 05:25:58,REPEATED_PATTERN
OBSIDIAN_PARTNERS_088,7,0.9493,36911.4,5273.06,2024-03-02 23:28:52,2024-06-13 01:53:23,REPEATED_PATTERN
