source_entity,tx_count,avg_gap_s,min_gap_s,sub_5min_gaps,pct_bursty_gaps
CORONA_CLEARING_096,33,369568.5,1.0,25,75.76
MERIDIAN_CAPITAL_100,60,207632.1,1.0,43,71.67
ZENITH_FUND_007,63,227124.3,0.0,41,65.08
ZENITH_FUND_187,31,352190.6,1.0,20,64.52
PRIME_HOLDINGS_199,39,382240.8,0.0,25,64.1
NEXUS_TRUST_151,41,306018.5,1.0,26,63.41
VORTEX_CREDIT_184,30,434359.8,0.0,19,63.33
DELTA_BANCORP_072,46,328288.4,0.0,29,63.04
OBSIDIAN_PARTNERS_088,32,475439.4,1.0,20,62.5
QUANTUM_CLEARING_166,55,227016.6,0.0,34,61.82
ATLAS_BANCORP_142,41,371492.5,0.0,25,60.98
PRIME_HOLDINGS_079,14,855770.9,6.0,8,57.14
APEX_CREDIT_054,53,275299.1,0.0,30,56.6
HELIX_PAYMENTS_085,39,354672.9,0.0,22,56.41
VORTEX_CREDIT_044,48,336065.8,0.0,27,56.25
AXIOM_PARTNERS_038,42,336243.2,1.0,23,54.76
CIPHER_CAPITAL_150,33,465492.4,1.0,18,54.55
PRIME_HOLDINGS_139,33,373096.6,1.0,18,54.55
ATLAS_BANCORP_182,22,630352.4,0.0,12,54.55
STRATUS_FUND_177,35,393772.4,2.0,19,54.29
DELTA_BANCORP_012,41,340733.9,0.0,22,53.66
QUANTUM_CLEARING_086,30,449163.7,0.0,16,53.33
ZENITH_FUND_147,32,498860.1,0.0,17,53.13
MERIDIAN_CAPITAL_000,51,311385.1,0.0,27,52.94
ECLIPSE_HOLDINGS_089,46,346866.6,0.0,24,52.17
